Date,Open,High,Low,Close,Volume
"Apr 4, 2025",193.89,199.88,187.34,188.38,125569000
"Apr 3, 2025",205.54,207.49,201.25,203.19,103419000
"Apr 2, 2025",221.32,225.19,221.02,223.89,35905900
"Apr 1, 2025",219.81,223.68,218.9,223.19,36412700
"Mar 31, 2025",217.01,225.62,216.23,222.13,65299300
"Mar 28, 2025",221.67,223.81,217.68,217.9,39818600
"Mar 27, 2025",221.39,224.99,220.56,223.85,37094800
"Mar 26, 2025",223.51,225.02,220.47,221.53,34466100
"Mar 25, 2025",220.77,224.1,220.08,223.75,34493600
"Mar 24, 2025",221.0,221.48,218.58,220.73,44299500
"Mar 21, 2025",211.56,218.84,211.28,218.27,94127800
"Mar 20, 2025",213.99,217.49,212.22,214.1,48862900
"Mar 19, 2025",214.22,218.76,213.75,215.24,54385400
"Mar 18, 2025",214.16,215.15,211.49,212.69,42432400
"Mar 17, 2025",213.31,215.22,209.97,214.0,48073400
"Mar 14, 2025",211.25,213.95,209.58,213.49,60107600
"Mar 13, 2025",215.95,216.84,208.42,209.68,61368300
"Mar 12, 2025",220.14,221.75,214.91,216.98,62547500
"Mar 11, 2025",223.81,225.84,217.45,220.84,76137400
"Mar 10, 2025",235.54,236.16,224.22,227.48,72071200
"Mar 7, 2025",235.11,241.37,234.76,239.07,46273600
"Mar 6, 2025",234.44,237.86,233.16,235.33,45170400
"Mar 5, 2025",235.42,236.55,229.23,235.74,47227600
"Mar 4, 2025",237.71,240.07,234.68,235.93,53798100
"Mar 3, 2025",241.79,244.03,236.11,238.03,47184000
"Feb 28, 2025",236.95,242.09,230.2,241.84,56833400
"Feb 27, 2025",239.41,242.46,237.06,237.3,41153600
"Feb 26, 2025",244.33,244.98,239.13,240.36,44433600
"Feb 25, 2025",248.0,250.0,244.91,247.04,48013300
"Feb 24, 2025",244.93,248.86,244.42,247.1,51326400
"Feb 21, 2025",245.95,248.69,245.22,245.55,53197400
"Feb 20, 2025",244.94,246.78,244.29,245.83,32316900
"Feb 19, 2025",244.66,246.01,243.16,244.87,32204200
"Feb 18, 2025",244.15,245.18,241.84,244.47,48822500
"Feb 14, 2025",241.25,245.55,240.99,244.6,40896200
"Feb 13, 2025",236.91,242.34,235.57,241.53,53614100
"Feb 12, 2025",231.2,236.96,230.68,236.87,45243300
"Feb 11, 2025",228.2,235.23,228.13,232.62,53718400
"Feb 10, 2025",229.57,230.59,227.2,227.65,33115600
"Feb 7, 2025",232.6,234.0,227.26,227.63,39707200
"Feb 6, 2025",231.29,233.8,230.43,233.22,29925300
"Feb 5, 2025",228.53,232.67,228.27,232.47,39620300
"Feb 4, 2025",227.25,233.13,226.65,232.8,45067300
"Feb 3, 2025",229.99,231.83,225.7,228.01,73063300
"Jan 31, 2025",247.19,247.19,233.44,236.0,101075100
"Jan 30, 2025",238.67,240.79,237.21,237.59,55658300
"Jan 29, 2025",234.12,239.86,234.01,239.36,45486100
"Jan 28, 2025",230.85,240.19,230.81,238.26,75707600
"Jan 27, 2025",224.02,232.15,223.98,229.86,94863400
"Jan 24, 2025",224.78,225.63,221.41,222.78,54697900
"Jan 23, 2025",224.74,227.03,222.3,223.66,60234800
"Jan 22, 2025",219.79,224.12,219.79,223.83,64126500
"Jan 21, 2025",224.0,224.42,219.38,222.64,98070400
"Jan 17, 2025",232.12,232.29,228.48,229.98,68488300
"Jan 16, 2025",237.35,238.01,228.03,228.26,71759100
"Jan 15, 2025",234.64,238.96,234.43,237.87,39832000
"Jan 14, 2025",234.75,236.12,232.47,233.28,39435300
"Jan 13, 2025",233.53,234.67,229.72,234.4,49630700
"Jan 10, 2025",240.01,240.16,233.0,236.85,61710900
"Jan 8, 2025",241.92,243.71,240.05,242.7,37628900
"Jan 7, 2025",242.98,245.55,241.35,242.21,40856000
"Jan 6, 2025",244.31,247.33,243.2,245.0,45045600
"Jan 3, 2025",243.36,244.18,241.89,243.36,40244100
"Jan 2, 2025",248.93,249.1,241.82,243.85,55740700
"Dec 31, 2024",252.44,253.28,249.43,250.42,39480700
"Dec 30, 2024",252.23,253.5,250.75,252.2,35557500
"Dec 27, 2024",257.83,258.7,253.06,255.59,42355300
"Dec 26, 2024",258.19,260.1,257.63,259.02,27237100
"Dec 24, 2024",255.49,258.21,255.29,258.2,23234700
"Dec 23, 2024",254.77,255.65,253.45,255.27,40858800
"Dec 20, 2024",248.04,255.0,245.69,254.49,147495300
"Dec 19, 2024",247.5,252.0,247.09,249.79,60882300
"Dec 18, 2024",252.16,254.28,247.74,248.05,56774100
"Dec 17, 2024",250.08,253.83,249.78,253.48,51356400
"Dec 16, 2024",247.99,251.38,247.65,251.04,51694800
"Dec 13, 2024",247.82,249.29,246.24,248.13,33155300
"Dec 12, 2024",246.89,248.74,245.68,247.96,32777500
"Dec 11, 2024",247.96,250.8,246.26,246.49,45205800
"Dec 10, 2024",246.89,248.21,245.34,247.77,36914800
"Dec 9, 2024",241.83,247.24,241.75,246.75,44649200
"Dec 6, 2024",242.91,244.63,242.08,242.84,36870600
"Dec 5, 2024",243.99,244.54,242.13,243.04,40033900
"Dec 4, 2024",242.87,244.11,241.25,243.01,44383900
"Dec 3, 2024",239.81,242.76,238.9,242.65,38861000
"Dec 2, 2024",237.27,240.79,237.16,239.59,48137100
"Nov 29, 2024",234.81,237.81,233.97,237.33,28481400
"Nov 27, 2024",234.47,235.69,233.81,234.93,33498400
"Nov 26, 2024",233.33,235.57,233.33,235.06,45986200
"Nov 25, 2024",231.46,233.25,229.74,232.87,90152800
"Nov 22, 2024",228.06,230.72,228.06,229.87,38168300
"Nov 21, 2024",228.88,230.16,225.71,228.52,42108300
"Nov 20, 2024",228.06,229.93,225.89,229.0,35169600
"Nov 19, 2024",226.98,230.16,226.66,228.28,36211800
"Nov 18, 2024",225.25,229.74,225.17,228.02,44686000
"Nov 15, 2024",226.4,226.92,224.27,225.0,47923700
"Nov 14, 2024",225.02,228.87,225.0,228.22,44923900
"Nov 13, 2024",224.01,226.65,222.76,225.12,48566200
"Nov 12, 2024",224.55,225.59,223.36,224.23,40398300
"Nov 11, 2024",225.0,225.7,221.5,224.23,42005600
"Nov 8, 2024",227.17,228.66,226.41,226.96,38328800
"Nov 7, 2024",224.63,227.88,224.57,227.48,42137700
"Nov 6, 2024",222.61,226.07,221.19,222.72,54561100
"Nov 5, 2024",221.8,223.95,221.14,223.45,28111300
"Nov 4, 2024",220.99,222.79,219.71,222.01,44944500
"Nov 1, 2024",220.97,225.35,220.27,222.91,65276700
"Oct 31, 2024",229.34,229.83,225.37,225.91,64370100
"Oct 30, 2024",232.61,233.47,229.55,230.1,47070900
"Oct 29, 2024",233.1,234.33,232.32,233.67,35417200
"Oct 28, 2024",233.32,234.73,232.55,233.4,36087100
"Oct 25, 2024",229.74,233.22,229.57,231.41,38802300
"Oct 24, 2024",229.98,230.82,228.41,230.57,31109500
"Oct 23, 2024",234.08,235.14,227.76,230.76,52287000
"Oct 22, 2024",233.89,236.22,232.6,235.86,38846600
"Oct 21, 2024",234.45,236.85,234.45,236.48,36254500
"Oct 18, 2024",236.18,236.18,234.01,235.0,46431500
"Oct 17, 2024",233.43,233.85,230.52,232.15,32993800
"Oct 16, 2024",231.6,232.12,229.84,231.78,34082200
"Oct 15, 2024",233.61,237.49,232.37,233.85,64751400
"Oct 14, 2024",228.7,231.73,228.6,231.3,39882100
"Oct 11, 2024",229.3,229.41,227.34,227.55,31759200
"Oct 10, 2024",227.78,229.5,227.17,229.04,28183500
"Oct 9, 2024",225.23,229.75,224.83,229.54,33591100
"Oct 8, 2024",224.3,225.98,223.25,225.77,31855700
"Oct 7, 2024",224.5,225.69,221.33,221.69,39505400
"Oct 4, 2024",227.9,228.0,224.13,226.8,37245100
"Oct 3, 2024",225.14,226.81,223.32,225.67,34044200
"Oct 2, 2024",225.89,227.37,223.02,226.78,32880600
"Oct 1, 2024",229.52,229.65,223.74,226.21,63285000
"Sep 30, 2024",230.04,233.0,229.65,233.0,54541900
"Sep 27, 2024",228.46,229.52,227.3,227.79,34026000
"Sep 26, 2024",227.3,228.5,225.41,227.52,36636700
"Sep 25, 2024",224.93,227.29,224.02,226.37,42308700
"Sep 24, 2024",228.65,229.35,225.73,227.37,43556100
"Sep 23, 2024",227.34,229.45,225.81,226.47,54146000
"Sep 20, 2024",229.97,233.09,227.62,228.2,318679900
"Sep 19, 2024",224.99,229.82,224.63,228.87,66781300
"Sep 18, 2024",217.55,222.71,217.54,220.69,59894900
"Sep 17, 2024",215.75,216.9,214.5,216.79,45519300
"Sep 16, 2024",216.54,217.22,213.92,216.32,59357400
"Sep 13, 2024",223.58,224.04,221.91,222.5,36766600
"Sep 12, 2024",222.5,223.55,219.82,222.77,37498200
"Sep 11, 2024",221.46,223.09,217.89,222.66,44587100
"Sep 10, 2024",218.92,221.48,216.73,220.11,51591000
"Sep 9, 2024",220.82,221.27,216.71,220.91,67180000
"Sep 6, 2024",223.95,225.24,219.77,220.82,48423000
"Sep 5, 2024",221.63,225.48,221.52,222.38,36615400
"Sep 4, 2024",221.66,221.78,217.48,220.85,43840200
"Sep 3, 2024",228.55,229.0,221.17,222.77,50190600
"Aug 30, 2024",230.19,230.4,227.48,229.0,52990800
"Aug 29, 2024",230.1,232.92,228.88,229.79,51906300
"Aug 28, 2024",227.92,229.86,225.68,226.49,38052200
"Aug 27, 2024",226.0,228.85,224.89,228.03,35934600
"Aug 26, 2024",226.76,227.28,223.89,227.18,30602200
"Aug 23, 2024",225.66,228.22,224.33,226.84,38677300
"Aug 22, 2024",227.79,228.34,223.9,224.53,43695300
"Aug 21, 2024",226.52,227.98,225.05,226.4,34765500
"Aug 20, 2024",225.77,227.17,225.45,226.51,30299000
"Aug 19, 2024",225.72,225.99,223.04,225.89,40687800
"Aug 16, 2024",223.92,226.83,223.65,226.05,44340200
"Aug 15, 2024",224.6,225.35,222.76,224.72,46414000
"Aug 14, 2024",220.57,223.03,219.7,221.72,41960600
"Aug 13, 2024",219.01,221.89,219.01,221.27,44155300
"Aug 12, 2024",216.07,219.51,215.6,217.53,38028100
"Aug 9, 2024",212.1,216.78,211.97,216.24,42201600
"Aug 8, 2024",213.11,214.2,208.83,213.31,47161100
"Aug 7, 2024",206.9,213.64,206.39,209.82,63516400
"Aug 6, 2024",205.3,209.99,201.07,207.23,69660500
"Aug 5, 2024",199.09,213.5,196.0,209.27,119548600
"Aug 2, 2024",219.15,225.6,217.71,219.86,105568600
"Aug 1, 2024",224.37,224.48,217.02,218.36,62501000
"Jul 31, 2024",221.44,223.82,220.63,222.08,50036300
"Jul 30, 2024",219.19,220.33,216.12,218.8,41643800
"Jul 29, 2024",216.96,219.3,215.75,218.24,36311800
"Jul 26, 2024",218.7,219.49,216.01,217.96,41601300
"Jul 25, 2024",218.93,220.85,214.62,217.49,51391200
"Jul 24, 2024",224.0,224.8,217.13,218.54,61777600
"Jul 23, 2024",224.37,226.94,222.68,225.01,39960300
"Jul 22, 2024",227.01,227.78,223.09,223.96,48201800
"Jul 19, 2024",224.82,226.8,223.28,224.31,49151500
"Jul 18, 2024",230.28,230.44,222.27,224.18,66034600
"Jul 17, 2024",229.45,231.46,226.64,228.88,57345900
"Jul 16, 2024",235.0,236.27,232.33,234.82,43234300
"Jul 15, 2024",236.48,237.23,233.09,234.4,62631300
"Jul 12, 2024",228.92,232.64,228.68,230.54,53046500
"Jul 11, 2024",231.39,232.39,225.77,227.57,64710600
"Jul 10, 2024",229.3,233.08,229.25,232.98,62627700
"Jul 9, 2024",227.93,229.4,226.37,228.68,48076100
"Jul 8, 2024",227.09,227.85,223.25,227.82,59085900
"Jul 5, 2024",221.65,226.45,221.65,226.34,60412400
"Jul 3, 2024",220.0,221.55,219.03,221.55,37369800
"Jul 2, 2024",216.15,220.38,215.1,220.27,58046200
"Jul 1, 2024",212.09,217.51,211.92,216.75,60402900
"Jun 28, 2024",215.77,216.07,210.3,210.62,82542700
"Jun 27, 2024",214.69,215.74,212.35,214.1,49772700
"Jun 26, 2024",211.5,214.86,210.64,213.25,66213200
"Jun 25, 2024",209.15,211.38,208.61,209.07,56713900
"Jun 24, 2024",207.72,212.7,206.59,208.14,80727000
"Jun 21, 2024",210.39,211.89,207.11,207.49,246421400
"Jun 20, 2024",213.93,214.24,208.85,209.68,86172500
"Jun 18, 2024",217.59,218.63,213.0,214.29,79943300
"Jun 17, 2024",213.37,218.95,212.72,216.67,93728300
"Jun 14, 2024",213.85,215.17,211.3,212.49,70122700
"Jun 13, 2024",214.74,216.75,211.6,214.24,97862700
"Jun 12, 2024",207.37,220.2,206.9,213.07,198134300
"Jun 11, 2024",193.65,207.16,193.63,207.15,172373300
"Jun 10, 2024",196.9,197.3,192.15,193.12,97262100
"Jun 7, 2024",194.65,196.94,194.14,196.89,53103900
"Jun 6, 2024",195.69,196.5,194.17,194.48,41181800
"Jun 5, 2024",195.4,196.9,194.87,195.87,54156800
"Jun 4, 2024",194.64,195.32,193.03,194.35,47471400
"Jun 3, 2024",192.9,194.99,192.52,194.03,50080500
"May 31, 2024",191.44,192.57,189.91,192.25,75158300
"May 30, 2024",190.76,192.18,190.63,191.29,49947900
"May 29, 2024",189.61,192.25,189.51,190.29,53068000
"May 28, 2024",191.51,193.0,189.1,189.99,52280100
"May 24, 2024",188.82,190.58,188.04,189.98,36294600
"May 23, 2024",190.98,191.0,186.63,186.88,51005900
"May 22, 2024",192.27,192.82,190.27,190.9,34648500
"May 21, 2024",191.09,192.73,190.92,192.35,42309400
"May 20, 2024",189.33,191.92,189.01,191.04,44361300
"May 17, 2024",189.51,190.81,189.18,189.87,41282900
"May 16, 2024",190.47,191.1,189.66,189.84,52845200
"May 15, 2024",187.91,190.65,187.37,189.72,70400000
"May 14, 2024",187.51,188.3,186.29,187.43,52393600
"May 13, 2024",185.44,187.1,184.62,186.28,72044800
"May 10, 2024",184.9,185.09,182.13,183.05,50759500
"May 9, 2024",182.56,184.66,182.11,184.57,48983000
"May 8, 2024",182.85,183.07,181.45,182.74,45057100
"May 7, 2024",183.45,184.9,181.32,182.4,77305800
"May 6, 2024",182.35,184.2,180.42,181.71,78569700
"May 3, 2024",186.65,187.0,182.66,183.38,163224100
"May 2, 2024",172.51,173.42,170.89,173.03,94214900
"May 1, 2024",169.58,172.71,169.11,169.3,50383100
"Apr 30, 2024",173.33,174.99,170.0,170.33,65934800
"Apr 29, 2024",173.37,176.03,173.1,173.5,68169400
"Apr 26, 2024",169.88,171.34,169.18,169.3,44838400
"Apr 25, 2024",169.53,170.61,168.15,169.89,50558300
"Apr 24, 2024",166.54,169.3,166.21,169.02,48251800
"Apr 23, 2024",165.35,167.05,164.92,166.9,49537800
"Apr 22, 2024",165.52,167.26,164.77,165.84,48116400
"Apr 19, 2024",166.21,166.4,164.08,165.0,67772100
"Apr 18, 2024",168.03,168.64,166.55,167.04,43122900
"Apr 17, 2024",169.61,170.65,168.0,168.0,50901200
"Apr 16, 2024",171.75,173.76,168.27,169.38,73711200
"Apr 15, 2024",175.36,176.63,172.5,172.69,73531800
"Apr 12, 2024",174.26,178.36,174.21,176.55,101593300
"Apr 11, 2024",168.34,175.46,168.16,175.04,91070300
"Apr 10, 2024",168.8,169.09,167.11,167.78,49709300
"Apr 9, 2024",168.7,170.08,168.35,169.67,42451200
"Apr 8, 2024",169.03,169.2,168.24,168.45,37425500
"Apr 5, 2024",169.59,170.39,168.95,169.58,42055200
"Apr 4, 2024",170.29,171.92,168.82,168.82,53704400
"Apr 3, 2024",168.79,170.68,168.58,169.65,47691700
"Apr 2, 2024",169.08,169.34,168.23,168.84,49329500
"Apr 1, 2024",171.19,171.25,169.48,170.03,46240500
"Mar 28, 2024",171.75,172.23,170.51,171.48,65672700
"Mar 27, 2024",170.41,173.6,170.11,173.31,60273300
"Mar 26, 2024",170.0,171.42,169.58,169.71,57388400
"Mar 25, 2024",170.57,171.94,169.45,170.85,54288300
"Mar 22, 2024",171.76,173.05,170.06,172.28,71106600
"Mar 21, 2024",177.05,177.49,170.84,171.37,106181300
"Mar 20, 2024",175.72,178.67,175.09,178.67,53423100
"Mar 19, 2024",174.34,176.61,173.03,176.08,55215200
"Mar 18, 2024",175.57,177.71,173.52,173.72,75604200
"Mar 15, 2024",171.17,172.62,170.29,172.62,121664700
"Mar 14, 2024",172.91,174.31,172.05,173.0,72913500
"Mar 13, 2024",172.77,173.19,170.76,171.13,52488700
"Mar 12, 2024",173.15,174.03,171.01,173.23,59825400
"Mar 11, 2024",172.94,174.38,172.05,172.75,60139500
"Mar 8, 2024",169.0,173.7,168.94,170.73,76114600
"Mar 7, 2024",169.15,170.73,168.49,169.0,71765100
"Mar 6, 2024",171.06,171.24,168.68,169.12,68587700
"Mar 5, 2024",170.76,172.04,169.62,170.12,95132400
"Mar 4, 2024",176.15,176.9,173.79,175.1,81510100
"Mar 1, 2024",179.55,180.53,177.38,179.66,73488000
"Feb 29, 2024",181.27,182.57,179.53,180.75,136682600
"Feb 28, 2024",182.51,183.12,180.13,181.42,48953900
"Feb 27, 2024",181.1,183.92,179.56,182.63,54318900
"Feb 26, 2024",182.24,182.76,180.65,181.16,40867400
"Feb 23, 2024",185.01,185.04,182.23,182.52,45119700
"Feb 22, 2024",183.48,184.96,182.46,184.37,52292200
"Feb 21, 2024",181.94,182.89,180.66,182.32,41529700
"Feb 20, 2024",181.79,182.43,180.0,181.56,53665600
"Feb 16, 2024",183.42,184.85,181.67,182.31,49701400
"Feb 15, 2024",183.55,184.49,181.35,183.86,65434500
"Feb 14, 2024",185.32,185.53,182.44,184.15,54630500
"Feb 13, 2024",185.77,186.21,183.51,185.04,56529500
"Feb 12, 2024",188.42,188.67,186.79,187.15,41781900
"Feb 9, 2024",188.65,189.99,188.0,188.85,45155200
"Feb 8, 2024",189.39,189.54,187.35,188.32,40962000
"Feb 7, 2024",190.64,191.05,188.61,189.41,53439000
"Feb 6, 2024",186.86,189.31,186.77,189.3,43490800
"Feb 5, 2024",188.15,189.25,185.84,187.68,69668800
"Feb 2, 2024",179.86,187.33,179.25,185.85,102518000
"Feb 1, 2024",183.99,186.95,183.82,186.86,64885400
"Jan 31, 2024",187.04,187.1,184.35,184.4,55467800
"Jan 30, 2024",190.94,191.8,187.47,188.04,55859400
"Jan 29, 2024",192.01,192.2,189.58,191.73,47145600
"Jan 26, 2024",194.27,194.76,191.94,192.42,44594000
"Jan 25, 2024",195.22,196.27,193.11,194.17,54822100
"Jan 24, 2024",195.42,196.38,194.34,194.5,53631300
"Jan 23, 2024",195.02,195.75,193.83,195.18,42355600
"Jan 22, 2024",192.3,195.33,192.26,193.89,60133900
"Jan 19, 2024",189.33,191.95,188.82,191.56,68741000
"Jan 18, 2024",186.09,189.14,185.83,188.63,78005800
"Jan 17, 2024",181.27,182.93,180.3,182.68,47317400
"Jan 16, 2024",182.16,184.26,180.93,183.63,65603000
"Jan 12, 2024",186.06,186.74,185.19,185.92,40444700
"Jan 11, 2024",186.54,187.05,183.62,185.59,49128400
"Jan 10, 2024",184.35,186.4,183.92,186.19,46792900
"Jan 9, 2024",183.92,185.15,182.73,185.14,42841800
"Jan 8, 2024",182.09,185.6,181.5,185.56,59144500
"Jan 5, 2024",181.99,182.76,180.17,181.18,62303300
"Jan 4, 2024",182.15,183.09,180.88,181.91,71983600
"Jan 3, 2024",184.22,185.88,183.43,184.25,58414500
"Jan 2, 2024",187.15,188.44,183.89,185.64,82488700
"Dec 29, 2023",193.9,194.4,191.73,192.53,42628800
"Dec 28, 2023",194.14,194.66,193.17,193.58,34049900
"Dec 27, 2023",192.49,193.5,191.09,193.15,48087700
"Dec 26, 2023",193.61,193.89,192.83,193.05,28919300
"Dec 22, 2023",195.18,195.41,192.97,193.6,37122800
"Dec 21, 2023",196.1,197.08,193.5,194.68,46482500
"Dec 20, 2023",196.9,197.68,194.83,194.83,52242800
"Dec 19, 2023",196.16,196.95,195.89,196.94,40714100
"Dec 18, 2023",196.09,196.63,194.39,195.89,55751900
"Dec 15, 2023",197.53,198.4,197.0,197.57,128256700
"Dec 14, 2023",198.02,199.62,196.16,198.11,66831600
"Dec 13, 2023",195.09,198.0,194.85,197.96,70404200
"Dec 12, 2023",193.08,194.72,191.72,194.71,52696900
"Dec 11, 2023",193.11,193.49,191.42,193.18,60943700
"Dec 8, 2023",194.2,195.99,193.67,195.71,53377300
"Dec 7, 2023",193.63,195.0,193.59,194.27,47477700
"Dec 6, 2023",194.45,194.76,192.11,192.32,41089700
"Dec 5, 2023",190.21,194.4,190.18,193.42,66628400
"Dec 4, 2023",189.98,190.05,187.45,189.43,43389500
"Dec 1, 2023",190.33,191.56,189.23,191.24,45679300
"Nov 30, 2023",189.84,190.32,188.19,189.95,48794400
"Nov 29, 2023",190.9,192.09,188.97,189.37,43014200
"Nov 28, 2023",189.78,191.08,189.4,190.4,38415400
"Nov 27, 2023",189.92,190.67,188.9,189.79,40552600
"Nov 24, 2023",190.87,190.9,189.25,189.97,24048300
"Nov 22, 2023",191.49,192.93,190.83,191.31,39617700
"Nov 21, 2023",191.41,191.52,189.74,190.64,38134500
"Nov 20, 2023",189.89,191.91,189.88,191.45,46505100
"Nov 17, 2023",190.25,190.38,188.57,189.69,50922700
"Nov 16, 2023",189.57,190.96,188.65,189.71,54412900
"Nov 15, 2023",187.85,189.5,187.78,188.01,53790500
"Nov 14, 2023",187.7,188.11,186.3,187.44,60108400
"Nov 13, 2023",185.82,186.03,184.21,184.8,43627500
"Nov 10, 2023",183.97,186.57,183.53,186.4,66133400
"Nov 9, 2023",182.96,184.12,181.81,182.41,53763500
"Nov 8, 2023",182.35,183.45,181.59,182.89,49340300
"Nov 7, 2023",179.18,182.44,178.97,181.82,70530000
"Nov 6, 2023",176.38,179.43,176.21,179.23,63841300
"Nov 3, 2023",174.24,176.82,173.35,176.65,79763700
"Nov 2, 2023",175.52,177.78,175.46,177.57,77334800
"Nov 1, 2023",171.0,174.23,170.12,173.97,56934900
"Oct 31, 2023",169.35,170.9,167.9,170.77,44846000
"Oct 30, 2023",169.02,171.17,168.87,170.29,51131000
"Oct 27, 2023",166.91,168.96,166.83,168.22,58499100
"Oct 26, 2023",170.37,171.38,165.67,166.89,70625300
"Oct 25, 2023",171.88,173.06,170.65,171.1,57157000
"Oct 24, 2023",173.05,173.67,171.45,173.44,43816600
"Oct 23, 2023",170.91,174.01,169.93,173.0,55980100
"Oct 20, 2023",175.31,175.42,172.64,172.88,64189300
"Oct 19, 2023",176.04,177.84,175.19,175.46,59302900
"Oct 18, 2023",175.58,177.58,175.11,175.84,54764400
"Oct 17, 2023",176.65,178.42,174.8,177.15,57549400
"Oct 16, 2023",176.75,179.08,176.51,178.72,52517000
"Oct 13, 2023",181.42,181.93,178.14,178.85,51427100
"Oct 12, 2023",180.07,182.34,179.04,180.71,56743100
"Oct 11, 2023",178.2,179.85,177.6,179.8,47551100
"Oct 10, 2023",178.1,179.72,177.95,178.39,43698000
"Oct 9, 2023",176.81,179.05,175.8,178.99,42390800
"Oct 6, 2023",173.8,177.99,173.18,177.49,57224100
"Oct 5, 2023",173.79,175.45,172.68,174.91,48527900
"Oct 4, 2023",171.09,174.21,170.97,173.66,53020300
"Oct 3, 2023",172.26,173.63,170.82,172.4,49594600
"Oct 2, 2023",171.22,174.3,170.93,173.75,52164500
"Sep 29, 2023",172.02,173.07,170.34,171.21,51814200
"Sep 28, 2023",169.34,172.03,167.62,170.69,56294400
"Sep 27, 2023",172.62,173.04,169.05,170.43,66921800
"Sep 26, 2023",174.82,175.2,171.66,171.96,64588900
"Sep 25, 2023",174.2,176.97,174.15,176.08,46172700
"Sep 22, 2023",174.67,177.08,174.05,174.79,56725400
"Sep 21, 2023",174.55,176.3,173.86,173.93,63047900
"Sep 20, 2023",179.26,179.7,175.4,175.49,58436200
"Sep 19, 2023",177.52,179.63,177.13,179.07,51826900
"Sep 18, 2023",176.48,179.38,176.17,177.97,67257600
"Sep 15, 2023",176.48,176.5,173.82,175.01,109205100
"Sep 14, 2023",174.0,176.1,173.58,175.74,60895800
"Sep 13, 2023",176.51,177.3,173.98,174.21,84267900
"Sep 12, 2023",179.49,180.13,174.82,176.3,90370200
"Sep 11, 2023",180.07,180.3,177.34,179.36,58953100
"Sep 8, 2023",178.35,180.24,177.79,178.18,65551300
"Sep 7, 2023",175.18,178.21,173.54,177.56,112488800
"Sep 6, 2023",188.4,188.85,181.47,182.91,81755800
"Sep 5, 2023",188.28,189.98,187.61,189.7,45280000
"Sep 1, 2023",189.49,189.92,188.28,189.46,45732600
"Aug 31, 2023",187.84,189.12,187.48,187.87,60794500
"Aug 30, 2023",184.94,187.85,184.74,187.65,60813900
"Aug 29, 2023",179.7,184.9,179.5,184.12,53003900
"Aug 28, 2023",180.09,180.59,178.55,180.19,43820700
"Aug 25, 2023",177.38,179.15,175.82,178.61,51449600
"Aug 24, 2023",180.67,181.1,176.01,176.38,54945800
"Aug 23, 2023",178.52,181.55,178.33,181.12,52722800
"Aug 22, 2023",177.06,177.68,176.25,177.23,42084200
"Aug 21, 2023",175.07,176.13,173.74,175.84,46311900
"Aug 18, 2023",172.3,175.1,171.96,174.49,61114200
"Aug 17, 2023",177.14,177.51,173.48,174.0,66062900
"Aug 16, 2023",177.13,178.54,176.5,176.57,46964900
"Aug 15, 2023",178.88,179.48,177.05,177.45,43622600
"Aug 14, 2023",177.97,179.69,177.31,179.46,43675600
"Aug 11, 2023",177.32,178.62,176.55,177.79,51988100
"Aug 10, 2023",179.48,180.75,177.6,177.97,54686900
"Aug 9, 2023",180.87,180.93,177.01,178.19,60378500
"Aug 8, 2023",179.69,180.27,177.58,179.8,67823000
"Aug 7, 2023",182.13,183.13,177.35,178.85,97576100
"Aug 4, 2023",185.52,187.38,181.92,181.99,115799700
"Aug 3, 2023",191.57,192.37,190.69,191.17,61235200
"Aug 2, 2023",195.04,195.18,191.85,192.58,50389300
"Aug 1, 2023",196.24,196.73,195.28,195.61,35175100
"Jul 31, 2023",196.06,196.49,195.26,196.45,38824100
"Jul 28, 2023",194.67,196.63,194.14,195.83,48291400
"Jul 27, 2023",196.02,197.2,192.55,193.22,47460200
"Jul 26, 2023",193.67,195.64,193.32,194.5,47471900
"Jul 25, 2023",193.33,194.44,192.92,193.62,37283200
"Jul 24, 2023",193.41,194.91,192.25,192.75,45377800
"Jul 21, 2023",194.1,194.97,191.23,191.94,71917800
"Jul 20, 2023",195.09,196.47,192.5,193.13,59581200
"Jul 19, 2023",193.1,198.23,192.65,195.1,80507300
"Jul 18, 2023",193.35,194.33,192.42,193.73,48353800
"Jul 17, 2023",191.9,194.32,191.81,193.99,50520200
"Jul 14, 2023",190.23,191.18,189.63,190.69,41573900
"Jul 13, 2023",190.5,191.19,189.78,190.54,41342300
"Jul 12, 2023",189.68,191.7,188.47,189.77,60750200
"Jul 11, 2023",189.16,189.3,186.6,188.08,46638100
"Jul 10, 2023",189.26,189.99,187.04,188.61,59922200
"Jul 7, 2023",191.41,192.67,190.24,190.68,46778000
"Jul 6, 2023",189.84,192.02,189.2,191.81,45094300
"Jul 5, 2023",191.57,192.98,190.62,191.33,46920300
"Jul 3, 2023",193.78,193.88,191.76,192.46,31458200
"Jun 30, 2023",191.63,194.48,191.26,193.97,85069600
"Jun 29, 2023",189.08,190.07,188.94,189.59,46347300
"Jun 28, 2023",187.93,189.9,187.6,189.25,51216800
"Jun 27, 2023",185.89,188.39,185.67,188.06,50730800
"Jun 26, 2023",186.83,188.05,185.23,185.27,48088700
"Jun 23, 2023",185.55,187.56,185.01,186.68,53079300
"Jun 22, 2023",183.74,187.05,183.67,187.0,51245300
"Jun 21, 2023",184.9,185.41,182.59,183.96,49515700
"Jun 20, 2023",184.41,186.1,184.41,185.01,49799100
"Jun 16, 2023",186.73,186.99,184.27,184.92,101235600
"Jun 15, 2023",183.96,186.52,183.78,186.01,65433200
"Jun 14, 2023",183.37,184.39,182.02,183.95,57462900
"Jun 13, 2023",182.8,184.15,182.44,183.31,54929100
"Jun 12, 2023",181.27,183.89,180.97,183.79,54274900
"Jun 9, 2023",181.5,182.23,180.63,180.96,48870700
"Jun 8, 2023",177.9,180.84,177.46,180.57,50214900
"Jun 7, 2023",178.44,181.21,177.32,177.82,61944600
"Jun 6, 2023",179.97,180.12,177.43,179.21,64848400
"Jun 5, 2023",182.63,184.95,178.04,179.58,121946500
"Jun 2, 2023",181.03,181.78,179.26,180.95,61945900
"Jun 1, 2023",177.7,180.12,176.93,180.09,68901800
"May 31, 2023",177.33,179.35,176.76,177.25,99625300
"May 30, 2023",176.96,178.99,176.57,177.3,55964400
"May 26, 2023",173.32,175.77,173.11,175.43,54835000
"May 25, 2023",172.41,173.9,171.69,172.99,56058300
"May 24, 2023",171.09,172.42,170.52,171.84,45143500
"May 23, 2023",173.13,173.38,171.28,171.56,50747300
"May 22, 2023",173.98,174.71,173.45,174.2,43570900
"May 19, 2023",176.39,176.39,174.94,175.16,55772400
"May 18, 2023",173.0,175.24,172.58,175.05,65496700
"May 17, 2023",171.71,172.93,170.42,172.69,57951600
"May 16, 2023",171.99,173.14,171.8,172.07,42110300
"May 15, 2023",173.16,173.21,171.47,172.07,37266700
"May 12, 2023",173.62,174.06,171.0,172.57,45497800
"May 11, 2023",173.85,174.59,172.17,173.75,49514700
"May 10, 2023",173.02,174.03,171.9,173.56,53724500
"May 9, 2023",173.05,173.54,171.6,171.77,45326900
"May 8, 2023",172.48,173.85,172.11,173.5,55962800
"May 5, 2023",170.98,174.3,170.76,173.57,113316400
"May 4, 2023",164.89,167.04,164.31,165.79,81235400
"May 3, 2023",169.5,170.92,167.16,167.45,65136000
"May 2, 2023",170.09,170.35,167.54,168.54,48425700
"May 1, 2023",169.28,170.45,168.64,169.59,52472900
"Apr 28, 2023",168.49,169.85,167.88,169.68,55209200
"Apr 27, 2023",165.19,168.56,165.19,168.41,64902300
"Apr 26, 2023",163.06,165.28,162.8,163.76,45498800
"Apr 25, 2023",165.19,166.31,163.73,163.77,48714100
"Apr 24, 2023",165.0,165.6,163.89,165.33,41949600
"Apr 21, 2023",165.05,166.45,164.49,165.02,58337300
"Apr 20, 2023",166.09,167.87,165.56,166.65,52456400
"Apr 19, 2023",165.8,168.16,165.54,167.63,47720200
"Apr 18, 2023",166.1,167.41,165.65,166.47,49923000
"Apr 17, 2023",165.09,165.39,164.03,165.23,41516200
"Apr 14, 2023",164.59,166.32,163.82,165.21,49386500
"Apr 13, 2023",161.63,165.8,161.42,165.56,68445600
"Apr 12, 2023",161.22,162.06,159.78,160.1,50133100
"Apr 11, 2023",162.35,162.36,160.51,160.8,47644200
"Apr 10, 2023",161.42,162.03,160.08,162.03,47716900
"Apr 6, 2023",162.43,164.96,162.0,164.66,45390100
"Apr 5, 2023",164.74,165.05,161.8,163.76,51511700
"Apr 4, 2023",166.6,166.84,165.11,165.63,46278300
"Apr 3, 2023",164.27,166.29,164.22,166.17,56976200
"Mar 31, 2023",162.44,165.0,161.91,164.9,68749800
"Mar 30, 2023",161.53,162.47,161.27,162.36,49501700
"Mar 29, 2023",159.37,161.05,159.35,160.77,51305700
"Mar 28, 2023",157.97,158.49,155.98,157.65,45992200
"Mar 27, 2023",159.94,160.77,157.87,158.28,52390300
"Mar 24, 2023",158.86,160.34,157.85,160.25,59196500
"Mar 23, 2023",158.83,161.55,157.68,158.93,67622100
"Mar 22, 2023",159.3,162.14,157.81,157.83,75701800
"Mar 21, 2023",157.32,159.4,156.54,159.28,73938300
"Mar 20, 2023",155.07,157.82,154.15,157.4,73641400
"Mar 17, 2023",156.08,156.74,154.28,155.0,98944600
"Mar 16, 2023",152.16,156.46,151.64,155.85,76161100
"Mar 15, 2023",151.19,153.25,149.92,152.99,77167900
"Mar 14, 2023",151.28,153.4,150.1,152.59,73695900
"Mar 13, 2023",147.81,153.14,147.7,150.47,84457100
"Mar 10, 2023",150.21,150.94,147.61,148.5,68572400
"Mar 9, 2023",153.56,154.54,150.23,150.59,53833600
"Mar 8, 2023",152.81,153.47,151.83,152.87,47204800
"Mar 7, 2023",153.7,154.03,151.13,151.6,56182000
"Mar 6, 2023",153.79,156.3,153.46,153.83,87558000
"Mar 3, 2023",148.04,151.11,147.33,151.03,70732300
"Mar 2, 2023",144.38,146.71,143.9,145.91,52238100
"Mar 1, 2023",146.83,147.23,145.01,145.31,55479000
"Feb 28, 2023",147.05,149.08,146.83,147.41,50547000
"Feb 27, 2023",147.71,149.17,147.45,147.92,44998500
"Feb 24, 2023",147.11,147.19,145.72,146.71,55469600
"Feb 23, 2023",150.09,150.34,147.24,149.4,48394200
"Feb 22, 2023",148.87,149.95,147.16,148.91,51011300
"Feb 21, 2023",150.2,151.3,148.41,148.48,58867200
"Feb 17, 2023",152.35,153.0,150.85,152.55,59144100
"Feb 16, 2023",153.51,156.33,153.35,153.71,68167900
"Feb 15, 2023",153.11,155.5,152.88,155.33,65573800
"Feb 14, 2023",152.12,153.77,150.86,153.2,61707600
"Feb 13, 2023",150.95,154.26,150.92,153.85,62199000
"Feb 10, 2023",149.46,151.34,149.22,151.01,57450700
"Feb 9, 2023",153.78,154.33,150.42,150.87,56007100
"Feb 8, 2023",153.88,154.58,151.17,151.92,64120100
"Feb 7, 2023",150.64,155.23,150.64,154.65,83322600
"Feb 6, 2023",152.57,153.1,150.78,151.73,69858300
"Feb 3, 2023",148.03,157.38,147.83,154.5,154357300
"Feb 2, 2023",148.9,151.18,148.17,150.82,118339000
"Feb 1, 2023",143.97,146.61,141.32,145.43,77663600
"Jan 31, 2023",142.7,144.34,142.28,144.29,65874500
"Jan 30, 2023",144.96,145.55,142.85,143.0,64015300
"Jan 27, 2023",143.16,147.23,143.08,145.93,70555800
"Jan 26, 2023",143.17,144.25,141.9,143.96,54105100
"Jan 25, 2023",140.89,142.43,138.81,141.86,65799300
"Jan 24, 2023",140.31,143.16,140.3,142.53,66435100
"Jan 23, 2023",138.12,143.32,137.9,141.11,81760300
"Jan 20, 2023",135.28,138.02,134.22,137.87,80223600
"Jan 19, 2023",134.08,136.25,133.77,135.27,58280400
"Jan 18, 2023",136.82,138.61,135.03,135.21,69672800
"Jan 17, 2023",134.83,137.29,134.13,135.94,63646600
"Jan 13, 2023",132.03,134.92,131.66,134.76,57809700
"Jan 12, 2023",133.88,134.26,131.44,133.41,71379600
"Jan 11, 2023",131.25,133.51,130.46,133.49,69458900
"Jan 10, 2023",130.26,131.26,128.12,130.73,63896200
"Jan 9, 2023",130.47,133.41,129.89,130.15,70790800
"Jan 6, 2023",126.01,130.29,124.89,129.62,87754700
"Jan 5, 2023",127.13,127.77,124.76,125.02,80962700
"Jan 4, 2023",126.89,128.66,125.08,126.36,89113600
"Jan 3, 2023",130.28,130.9,124.17,125.07,112117500
"Dec 30, 2022",128.41,129.95,127.43,129.93,77034200
"Dec 29, 2022",127.99,130.48,127.73,129.61,75703700
"Dec 28, 2022",129.67,131.03,125.87,126.04,85438400
"Dec 27, 2022",131.38,131.41,128.72,130.03,69007800
"Dec 23, 2022",130.92,132.42,129.64,131.86,63814900
"Dec 22, 2022",134.35,134.56,130.3,132.23,77852100
"Dec 21, 2022",132.98,136.81,132.75,135.45,85928000
"Dec 20, 2022",131.39,133.25,129.89,132.3,77432800
"Dec 19, 2022",135.11,135.2,131.32,132.37,79592600
"Dec 16, 2022",136.69,137.65,133.73,134.51,160156900
"Dec 15, 2022",141.11,141.8,136.03,136.5,98931900
"Dec 14, 2022",145.35,146.66,141.16,143.21,82291200
"Dec 13, 2022",149.5,149.97,144.24,145.47,93886200
"Dec 12, 2022",142.7,144.5,141.06,144.49,70462700
"Dec 9, 2022",142.34,145.57,140.9,142.16,76097000
"Dec 8, 2022",142.36,143.52,141.1,142.65,62128300
"Dec 7, 2022",142.19,143.37,140.0,140.94,69721100
"Dec 6, 2022",147.07,147.3,141.92,142.91,64727200
"Dec 5, 2022",147.77,150.92,145.77,146.63,68826400
"Dec 2, 2022",145.96,148.0,145.65,147.81,65447400
"Dec 1, 2022",148.21,149.13,146.61,148.31,71250400
"Nov 30, 2022",141.4,148.72,140.55,148.03,111380900
"Nov 29, 2022",144.29,144.81,140.35,141.17,83763800
"Nov 28, 2022",145.14,146.64,143.38,144.22,69246000
"Nov 25, 2022",148.31,148.88,147.12,148.11,35195900
"Nov 23, 2022",149.45,151.83,149.34,151.07,58301400
"Nov 22, 2022",148.13,150.42,146.93,150.18,51804100
"Nov 21, 2022",150.16,150.37,147.72,148.01,58724100
"Nov 18, 2022",152.31,152.7,149.97,151.29,74829600
"Nov 17, 2022",146.43,151.48,146.15,150.72,80389400
"Nov 16, 2022",149.13,149.87,147.29,148.79,64218300
"Nov 15, 2022",152.22,153.59,148.56,150.04,89868300
"Nov 14, 2022",148.97,150.28,147.43,148.28,73374100
"Nov 11, 2022",145.82,150.01,144.37,149.7,93979700
"Nov 10, 2022",141.24,146.87,139.5,146.87,118854000
"Nov 9, 2022",138.5,138.55,134.59,134.87,74917800
"Nov 8, 2022",140.41,141.43,137.49,139.5,89908500
"Nov 7, 2022",137.11,139.15,135.67,138.92,83374600
"Nov 4, 2022",142.09,142.67,134.38,138.38,140814800
"Nov 3, 2022",142.06,142.8,138.75,138.88,97918500
"Nov 2, 2022",148.95,152.17,145.0,145.03,93604600
"Nov 1, 2022",155.08,155.45,149.13,150.65,80379300
"Oct 31, 2022",153.16,154.24,151.92,153.34,97943200
"Oct 28, 2022",148.2,157.5,147.82,155.74,164762400
"Oct 27, 2022",148.07,149.05,144.13,144.8,109180200
"Oct 26, 2022",150.96,151.99,148.04,149.35,88194300
"Oct 25, 2022",150.09,152.49,149.36,152.34,74732300
"Oct 24, 2022",147.19,150.23,146.0,149.45,75981900
"Oct 21, 2022",142.87,147.85,142.65,147.27,86548600
"Oct 20, 2022",143.02,145.89,142.65,143.39,64522000
"Oct 19, 2022",141.69,144.95,141.5,143.86,61758300
"Oct 18, 2022",145.49,146.7,140.61,143.75,99136600
"Oct 17, 2022",141.07,142.9,140.27,142.41,85250900
"Oct 14, 2022",144.31,144.52,138.19,138.38,88598000
"Oct 13, 2022",134.99,143.59,134.37,142.99,113224000
"Oct 12, 2022",139.13,140.36,138.16,138.34,70433700
"Oct 11, 2022",139.9,141.35,138.22,138.98,77033700
"Oct 10, 2022",140.42,141.89,138.57,140.42,74899000
"Oct 7, 2022",142.54,143.1,139.45,140.09,85925600
"Oct 6, 2022",145.81,147.54,145.22,145.43,68402200
"Oct 5, 2022",144.07,147.38,143.01,146.4,79471000
"Oct 4, 2022",145.03,146.22,144.26,146.1,87830100
"Oct 3, 2022",138.21,143.07,137.69,142.45,114311700
"Sep 30, 2022",141.28,143.1,138.0,138.2,124925300
"Sep 29, 2022",146.1,146.72,140.68,142.48,128138200
"Sep 28, 2022",147.64,150.64,144.84,149.84,146691400
"Sep 27, 2022",152.74,154.72,149.95,151.76,84442700
"Sep 26, 2022",149.66,153.77,149.64,150.77,93339400
"Sep 23, 2022",151.19,151.47,148.56,150.43,96029900
"Sep 22, 2022",152.38,154.47,150.91,152.74,86652500
"Sep 21, 2022",157.34,158.74,153.6,153.72,101696800
"Sep 20, 2022",153.4,158.08,153.08,156.9,107689800
"Sep 19, 2022",149.31,154.56,149.1,154.48,81474200
"Sep 16, 2022",151.21,151.35,148.37,150.7,162278800
"Sep 15, 2022",154.65,155.24,151.38,152.37,90481100
"Sep 14, 2022",154.79,157.1,153.61,155.31,87965400
"Sep 13, 2022",159.9,160.54,153.37,153.84,122656600
"Sep 12, 2022",159.59,164.26,159.3,163.43,104956000
"Sep 9, 2022",155.47,157.82,154.75,157.37,68028800
"Sep 8, 2022",154.64,156.36,152.68,154.46,84923800
"Sep 7, 2022",154.82,156.67,153.61,155.96,87449600
"Sep 6, 2022",156.47,157.09,153.69,154.53,73714800
"Sep 2, 2022",159.75,160.36,154.97,155.81,76957800
"Sep 1, 2022",156.64,158.42,154.67,157.96,74229900
"Aug 31, 2022",160.31,160.58,157.14,157.22,87991100
"Aug 30, 2022",162.13,162.56,157.72,158.91,77906200
"Aug 29, 2022",161.15,162.9,159.82,161.38,73314000
"Aug 26, 2022",170.57,171.05,163.56,163.62,78961000
"Aug 25, 2022",168.78,170.14,168.35,170.03,51218200
"Aug 24, 2022",167.32,168.11,166.25,167.53,53841500
"Aug 23, 2022",167.08,168.71,166.65,167.23,54147100
"Aug 22, 2022",169.69,169.86,167.14,167.57,69026800
"Aug 19, 2022",173.03,173.74,171.31,171.52,70346300
"Aug 18, 2022",173.75,174.9,173.12,174.15,62290100
"Aug 17, 2022",172.77,176.15,172.57,174.55,79542000
"Aug 16, 2022",172.78,173.71,171.66,173.03,56377100
"Aug 15, 2022",171.52,173.39,171.35,173.19,54091700
"Aug 12, 2022",169.82,172.17,169.4,172.1,68039400
"Aug 11, 2022",170.06,170.99,168.19,168.49,57149200
"Aug 10, 2022",167.68,169.34,166.9,169.24,70170500
"Aug 9, 2022",164.02,165.82,163.25,164.92,63135500
"Aug 8, 2022",166.37,167.81,164.2,164.87,60276900
"Aug 5, 2022",163.21,165.85,163.0,165.35,56697000
"Aug 4, 2022",166.01,167.19,164.43,165.81,55474100
"Aug 3, 2022",160.84,166.59,160.75,166.13,82507500
"Aug 2, 2022",160.1,162.41,159.63,160.01,59907000
"Aug 1, 2022",161.01,163.59,160.89,161.51,67829400
"Jul 29, 2022",161.24,163.63,159.5,162.51,101786900
"Jul 28, 2022",156.98,157.64,154.41,157.35,81378700
"Jul 27, 2022",152.58,157.33,152.16,156.79,78620700
"Jul 26, 2022",152.26,153.09,150.8,151.6,55138700
"Jul 25, 2022",154.01,155.04,152.28,152.95,53623900
"Jul 22, 2022",155.39,156.28,153.41,154.09,66675400
"Jul 21, 2022",154.5,155.57,151.94,155.35,65086600
"Jul 20, 2022",151.12,153.72,150.37,153.04,64823400
"Jul 19, 2022",147.92,151.23,146.91,151.0,82982400
"Jul 18, 2022",150.74,151.57,146.7,147.07,81420900
"Jul 15, 2022",149.78,150.86,148.2,150.17,76259900
"Jul 14, 2022",144.08,148.95,143.25,148.47,78140700
"Jul 13, 2022",142.99,146.45,142.12,145.49,71185600
"Jul 12, 2022",145.76,148.45,145.05,145.86,77588800
"Jul 11, 2022",145.67,146.64,143.78,144.87,63141600
"Jul 8, 2022",145.26,147.55,145.0,147.04,64547800
"Jul 7, 2022",143.29,146.55,143.28,146.35,66253700
"Jul 6, 2022",141.35,144.12,141.08,142.92,74064300
"Jul 5, 2022",137.77,141.61,136.93,141.56,73353800
"Jul 1, 2022",136.04,139.04,135.66,138.93,71051600
"Jun 30, 2022",137.25,138.37,133.77,136.72,98964500
"Jun 29, 2022",137.46,140.67,136.67,139.23,66242400
"Jun 28, 2022",142.13,143.42,137.32,137.44,67083400
"Jun 27, 2022",142.7,143.49,140.97,141.66,70207900
"Jun 24, 2022",139.9,141.91,139.77,141.66,89116800
"Jun 23, 2022",136.82,138.59,135.63,138.27,72433800
"Jun 22, 2022",134.79,137.76,133.91,135.35,73409200
"Jun 21, 2022",133.42,137.06,133.32,135.87,81000500
"Jun 17, 2022",130.07,133.08,129.81,131.56,134520300
"Jun 16, 2022",132.08,132.39,129.04,130.06,108123900
"Jun 15, 2022",134.29,137.34,132.16,135.43,91533000
"Jun 14, 2022",133.13,133.89,131.48,132.76,84784300
"Jun 13, 2022",132.87,135.2,131.44,131.88,122207100
"Jun 10, 2022",140.28,140.76,137.06,137.13,91437900
"Jun 9, 2022",147.08,147.95,142.53,142.64,69473000
"Jun 8, 2022",148.58,149.87,147.46,147.96,53950200
"Jun 7, 2022",144.35,149.0,144.1,148.71,67808200
"Jun 6, 2022",147.03,148.57,144.9,146.14,71598400
"Jun 3, 2022",146.9,147.97,144.46,145.38,88570300
"Jun 2, 2022",147.83,151.27,146.86,151.21,72348100
"Jun 1, 2022",149.9,151.74,147.68,148.71,74286600
"May 31, 2022",149.07,150.66,146.84,148.84,103718400
"May 27, 2022",145.39,149.68,145.26,149.64,90978500
"May 26, 2022",137.39,144.34,137.14,143.78,90601500
"May 25, 2022",138.43,141.79,138.34,140.52,92482700
"May 24, 2022",140.81,141.97,137.33,140.36,104132700
"May 23, 2022",137.79,143.26,137.65,143.11,117726300
"May 20, 2022",139.09,140.7,132.61,137.59,137426100
"May 19, 2022",139.88,141.66,136.6,137.35,136095600
"May 18, 2022",146.85,147.36,139.9,140.82,109742900
"May 17, 2022",148.86,149.77,146.68,149.24,78336300
"May 16, 2022",145.55,147.52,144.18,145.54,86643800
"May 13, 2022",144.59,148.1,143.11,147.11,113990900
"May 12, 2022",142.77,146.2,138.8,142.56,182602000
"May 11, 2022",153.5,155.45,145.81,146.5,142689800
"May 10, 2022",155.52,156.74,152.93,154.51,115366700
"May 9, 2022",154.93,155.83,151.49,152.06,131577900
"May 6, 2022",156.01,159.44,154.18,157.28,116124600
"May 5, 2022",163.85,164.08,154.95,156.77,130525300
"May 4, 2022",159.67,166.48,159.26,166.02,108256500
"May 3, 2022",158.15,160.71,156.32,159.48,88966500
"May 2, 2022",156.71,158.23,153.27,157.96,123055300
"Apr 29, 2022",161.84,166.2,157.25,157.65,131747600
"Apr 28, 2022",159.25,164.52,158.93,163.64,130216800
"Apr 27, 2022",155.91,159.79,155.38,156.57,88063200
"Apr 26, 2022",162.25,162.34,156.72,156.8,95623200
"Apr 25, 2022",161.12,163.17,158.46,162.88,96046400
"Apr 22, 2022",166.46,167.87,161.5,161.79,84882400
"Apr 21, 2022",168.91,171.53,165.91,166.42,87227800
"Apr 20, 2022",168.76,168.88,166.1,167.23,67929800
"Apr 19, 2022",165.02,167.82,163.91,167.4,67723800
"Apr 18, 2022",163.92,166.6,163.57,165.07,69023900
"Apr 14, 2022",170.62,171.27,165.04,165.29,75329400
"Apr 13, 2022",167.39,171.04,166.77,170.4,70618900
"Apr 12, 2022",168.02,169.87,166.64,167.66,79265200
"Apr 11, 2022",168.71,169.03,165.5,165.75,72246700
"Apr 8, 2022",171.78,171.78,169.2,170.09,76575500
"Apr 7, 2022",171.16,173.36,169.85,172.14,77594700
"Apr 6, 2022",172.36,173.63,170.13,171.83,89058800
"Apr 5, 2022",177.5,178.3,174.42,175.06,73401800
"Apr 4, 2022",174.57,178.49,174.44,178.44,76468400
"Apr 1, 2022",174.03,174.88,171.94,174.31,78751300
"Mar 31, 2022",177.84,178.03,174.4,174.61,103049300
"Mar 30, 2022",178.55,179.61,176.7,177.77,92633200
"Mar 29, 2022",176.69,179.01,176.34,178.96,100589400
"Mar 28, 2022",172.17,175.73,172.0,175.6,90371900
"Mar 25, 2022",173.88,175.28,172.75,174.72,80546200
"Mar 24, 2022",171.06,174.14,170.21,174.07,90131400
"Mar 23, 2022",167.99,172.64,167.65,170.21,98062700
"Mar 22, 2022",165.51,169.42,164.91,168.82,81532000
"Mar 21, 2022",163.51,166.35,163.01,165.38,95811400
"Mar 18, 2022",160.51,164.48,159.76,163.98,123511700
"Mar 17, 2022",158.61,161.0,157.63,160.62,75615400
"Mar 16, 2022",157.05,160.0,154.46,159.59,102300200
"Mar 15, 2022",150.9,155.57,150.38,155.09,92964300
"Mar 14, 2022",151.45,154.12,150.1,150.62,108732100
"Mar 11, 2022",158.93,159.28,154.5,154.73,96970100
"Mar 10, 2022",160.2,160.39,155.98,158.52,105342000
"Mar 9, 2022",161.48,163.41,159.41,162.95,91454900
"Mar 8, 2022",158.82,162.88,155.8,157.44,131148300
"Mar 7, 2022",163.36,165.02,159.04,159.3,96418800
"Mar 4, 2022",164.49,165.55,162.1,163.17,83737200
"Mar 3, 2022",168.47,168.91,165.55,166.23,76678400
"Mar 2, 2022",164.39,167.36,162.95,166.56,79724800
"Mar 1, 2022",164.7,166.6,161.97,163.2,83474400
"Feb 28, 2022",163.06,165.42,162.43,165.12,95056600
"Feb 25, 2022",163.84,165.12,160.87,164.85,91974200
"Feb 24, 2022",152.58,162.85,152.0,162.74,141147500
"Feb 23, 2022",165.54,166.15,159.75,160.07,90009200
"Feb 22, 2022",164.98,166.69,162.15,164.32,91162800
"Feb 18, 2022",169.82,170.54,166.19,167.3,82772700
"Feb 17, 2022",171.03,171.91,168.47,168.88,69589300
"Feb 16, 2022",171.85,173.34,170.05,172.55,61177400
"Feb 15, 2022",170.97,172.95,170.25,172.79,62527400
"Feb 14, 2022",167.37,169.58,166.56,168.88,86185500
"Feb 11, 2022",172.33,173.08,168.04,168.64,98670700
"Feb 10, 2022",174.14,175.48,171.55,172.12,90865900
"Feb 9, 2022",176.05,176.65,174.9,176.28,71285000
"Feb 8, 2022",171.73,175.35,171.43,174.83,74829200
"Feb 7, 2022",172.86,173.95,170.95,171.66,77251200
"Feb 4, 2022",171.68,174.1,170.68,172.39,82465400
"Feb 3, 2022",174.48,176.24,172.12,172.9,89418100
"Feb 2, 2022",174.75,175.88,173.33,175.84,84914300
"Feb 1, 2022",174.01,174.84,172.31,174.61,86213900
"Jan 31, 2022",170.16,175.0,169.51,174.78,115541600
"Jan 28, 2022",165.71,170.35,162.8,170.33,179935700
"Jan 27, 2022",162.45,163.84,158.28,159.22,121954600
"Jan 26, 2022",163.5,164.39,157.82,159.69,108275300
"Jan 25, 2022",158.98,162.76,157.02,159.78,115798400
"Jan 24, 2022",160.02,162.3,154.7,161.62,162294600
"Jan 21, 2022",164.42,166.33,162.3,162.41,122848900
"Jan 20, 2022",166.98,169.68,164.18,164.51,91420500
"Jan 19, 2022",170.0,171.08,165.94,166.23,94815000
"Jan 18, 2022",171.51,172.54,169.41,169.8,90956700
"Jan 14, 2022",171.34,173.78,171.09,173.07,80440800
"Jan 13, 2022",175.78,176.62,171.79,172.19,84505800
"Jan 12, 2022",176.12,177.18,174.82,175.53,74805200
"Jan 11, 2022",172.32,175.18,170.82,175.08,76138300
"Jan 10, 2022",169.08,172.5,168.17,172.19,106765600
"Jan 7, 2022",172.89,174.14,171.03,172.17,86709100
"Jan 6, 2022",172.7,175.3,171.64,172.0,96904000
"Jan 5, 2022",179.61,180.17,174.64,174.92,94537600
"Jan 4, 2022",182.63,182.94,179.12,179.7,99310400
"Jan 3, 2022",177.83,182.88,177.71,182.01,104487900
"Dec 31, 2021",178.09,179.23,177.26,177.57,64062300
"Dec 30, 2021",179.47,180.57,178.09,178.2,59773000
"Dec 29, 2021",179.33,180.63,178.14,179.38,62348900
"Dec 28, 2021",180.16,181.33,178.53,179.29,79144300
"Dec 27, 2021",177.09,180.42,177.07,180.33,74919600
"Dec 23, 2021",175.85,176.85,175.27,176.28,68356600
"Dec 22, 2021",173.04,175.86,172.15,175.64,92135300
"Dec 21, 2021",171.56,173.2,169.12,172.99,91185900
"Dec 20, 2021",168.28,170.58,167.46,169.75,107499100
"Dec 17, 2021",169.93,173.47,169.69,171.14,195432700
"Dec 16, 2021",179.28,181.14,170.75,172.26,150185800
"Dec 15, 2021",175.11,179.5,172.31,179.3,131063300
"Dec 14, 2021",175.25,177.74,172.21,174.33,139380400
"Dec 13, 2021",181.12,182.13,175.53,175.74,153237000
"Dec 10, 2021",175.21,179.63,174.69,179.45,115402700
"Dec 9, 2021",174.91,176.75,173.92,174.56,108923700
"Dec 8, 2021",172.13,175.96,170.7,175.08,116998900
"Dec 7, 2021",169.08,171.58,168.34,171.18,120405400
"Dec 6, 2021",164.29,167.88,164.28,165.32,107497000
"Dec 3, 2021",164.02,164.96,159.72,161.84,118023100
"Dec 2, 2021",158.74,164.2,157.8,163.76,136739200
"Dec 1, 2021",167.48,170.3,164.53,164.77,152052500
"Nov 30, 2021",159.99,165.52,159.92,165.3,174048100
"Nov 29, 2021",159.37,161.19,158.79,160.24,88748200
"Nov 26, 2021",159.57,160.45,156.36,156.81,76959800
"Nov 24, 2021",160.75,162.14,159.64,161.94,69463600
"Nov 23, 2021",161.12,161.8,159.06,161.41,96041900
"Nov 22, 2021",161.68,165.7,161.0,161.02,117467900
"Nov 19, 2021",157.65,161.02,156.53,160.55,117305600
"Nov 18, 2021",153.71,158.67,153.05,157.87,137827700
"Nov 17, 2021",151.0,155.0,150.99,153.49,88807000
"Nov 16, 2021",149.94,151.49,149.34,151.0,59256200
"Nov 15, 2021",150.37,151.88,149.43,150.0,59222800
"Nov 12, 2021",148.43,150.4,147.48,149.99,63804000
"Nov 11, 2021",148.96,149.43,147.68,147.87,41000000
"Nov 10, 2021",150.02,150.13,147.85,147.92,65187100
"Nov 9, 2021",150.2,151.43,150.06,150.81,56787900
"Nov 8, 2021",151.41,151.57,150.16,150.44,55020900
"Nov 5, 2021",151.89,152.2,150.06,151.28,65463900
"Nov 4, 2021",151.58,152.43,150.64,150.96,60394600
"Nov 3, 2021",150.39,151.97,149.82,151.49,54511500
"Nov 2, 2021",148.66,151.57,148.65,150.02,69122000
"Nov 1, 2021",148.99,149.7,147.8,148.96,74588300
"Oct 29, 2021",147.22,149.94,146.41,149.8,124953200
"Oct 28, 2021",149.82,153.17,149.72,152.57,100077900
"Oct 27, 2021",149.36,149.73,148.49,148.85,56094900
"Oct 26, 2021",149.33,150.84,149.01,149.32,60893400
"Oct 25, 2021",148.68,149.37,147.62,148.64,50720600
"Oct 22, 2021",149.69,150.18,148.64,148.69,58883400
"Oct 21, 2021",148.81,149.64,147.87,149.48,61421000
"Oct 20, 2021",148.7,149.75,148.12,149.26,58418800
"Oct 19, 2021",147.01,149.17,146.55,148.76,76378900
"Oct 18, 2021",143.45,146.84,143.16,146.55,85589200
"Oct 15, 2021",143.77,144.9,143.51,144.84,67940300
"Oct 14, 2021",142.11,143.88,141.51,143.76,69907100
"Oct 13, 2021",141.24,141.4,139.2,140.91,78762700
"Oct 12, 2021",143.23,143.25,141.04,141.51,73035900
"Oct 11, 2021",142.27,144.81,141.81,142.81,64452200
"Oct 8, 2021",144.03,144.18,142.56,142.9,58773200
"Oct 7, 2021",143.06,144.22,142.72,143.29,61732700
"Oct 6, 2021",139.47,142.15,138.37,142.0,83221100
"Oct 5, 2021",139.49,142.24,139.36,141.11,80861100
"Oct 4, 2021",141.76,142.21,138.27,139.14,98322000
"Oct 1, 2021",141.9,142.92,139.11,142.65,94639600
"Sep 30, 2021",143.66,144.38,141.28,141.5,89056700
"Sep 29, 2021",142.47,144.45,142.03,142.83,74602000
"Sep 28, 2021",143.25,144.75,141.69,141.91,108972300
"Sep 27, 2021",145.47,145.96,143.82,145.37,74150700
"Sep 24, 2021",145.66,147.47,145.56,146.92,53477900
"Sep 23, 2021",146.65,147.08,145.64,146.83,64838200
"Sep 22, 2021",144.45,146.43,143.7,145.85,76404300
"Sep 21, 2021",143.93,144.6,142.78,143.43,75834000
"Sep 20, 2021",143.8,144.84,141.27,142.94,123478900
"Sep 17, 2021",148.82,148.82,145.76,146.06,129868800
"Sep 16, 2021",148.44,148.97,147.22,148.79,68034100
"Sep 15, 2021",148.56,149.44,146.37,149.03,83281300
"Sep 14, 2021",150.35,151.07,146.91,148.12,109296300
"Sep 13, 2021",150.63,151.42,148.75,149.55,102404300
"Sep 10, 2021",155.0,155.48,148.7,148.97,140893200
"Sep 9, 2021",155.49,156.11,153.95,154.07,57305700
"Sep 8, 2021",156.98,157.04,153.98,155.11,74420200
"Sep 7, 2021",154.97,157.26,154.39,156.69,82278300
"Sep 3, 2021",153.76,154.63,153.09,154.3,57808700
"Sep 2, 2021",153.87,154.72,152.4,153.65,71115500
"Sep 1, 2021",152.83,154.98,152.34,152.51,80313700
"Aug 31, 2021",152.66,152.8,151.29,151.83,86453100
"Aug 30, 2021",149.0,153.49,148.61,153.12,90956700
"Aug 27, 2021",147.48,148.75,146.83,148.6,55802400
"Aug 26, 2021",148.35,149.12,147.51,147.54,48597200
"Aug 25, 2021",149.81,150.32,147.8,148.36,58991300
"Aug 24, 2021",149.45,150.86,149.15,149.62,48606400
"Aug 23, 2021",148.31,150.19,147.89,149.71,60131800
"Aug 20, 2021",147.44,148.5,146.78,148.19,60549600
"Aug 19, 2021",145.03,148.0,144.5,146.7,86960300
"Aug 18, 2021",149.8,150.72,146.15,146.36,86326000
"Aug 17, 2021",150.23,151.68,149.09,150.19,92229700
"Aug 16, 2021",148.54,151.19,146.47,151.12,103296000
"Aug 13, 2021",148.97,149.44,148.27,149.1,59375000
"Aug 12, 2021",146.19,149.05,145.84,148.89,72282600
"Aug 11, 2021",146.05,146.72,145.53,145.86,48493500
"Aug 10, 2021",146.44,147.71,145.3,145.6,69023100
"Aug 9, 2021",146.2,146.7,145.52,146.09,48908700
"Aug 6, 2021",146.35,147.11,145.63,146.14,54126800
"Aug 5, 2021",146.98,147.84,146.17,147.06,46397700
"Aug 4, 2021",147.27,147.79,146.28,146.95,56368300
"Aug 3, 2021",145.81,148.04,145.18,147.36,64786600
"Aug 2, 2021",146.36,146.95,145.25,145.52,62880000
"Jul 30, 2021",144.38,146.33,144.11,145.86,70440600
"Jul 29, 2021",144.69,146.55,144.58,145.64,56699500
"Jul 28, 2021",144.81,146.97,142.54,144.98,118931200
"Jul 27, 2021",149.12,149.21,145.55,146.77,104818600
"Jul 26, 2021",148.27,149.83,147.7,148.99,72434100
"Jul 23, 2021",147.55,148.72,146.92,148.56,71447400
"Jul 22, 2021",145.94,148.2,145.81,146.8,77338200
"Jul 21, 2021",145.53,146.13,144.63,145.4,74993500
"Jul 20, 2021",143.46,147.1,142.96,146.15,96350000
"Jul 19, 2021",143.75,144.07,141.67,142.45,121434600
"Jul 16, 2021",148.46,149.76,145.88,146.39,93251400
"Jul 15, 2021",149.24,150.0,147.09,148.48,106820300
"Jul 14, 2021",148.1,149.57,147.68,149.15,127050800
"Jul 13, 2021",144.03,147.46,143.63,145.64,100827100
"Jul 12, 2021",146.21,146.32,144.0,144.5,76299700
"Jul 9, 2021",142.75,145.65,142.65,145.11,99890800
"Jul 8, 2021",141.58,144.06,140.67,143.24,105575500
"Jul 7, 2021",143.54,144.89,142.66,144.57,104911600
"Jul 6, 2021",140.07,143.15,140.07,142.02,108181800
"Jul 2, 2021",137.9,140.0,137.75,139.96,78852600
"Jul 1, 2021",136.6,137.33,135.76,137.27,52485800
"Jun 30, 2021",136.17,137.41,135.87,136.96,63261400
"Jun 29, 2021",134.8,136.49,134.35,136.33,64556100
"Jun 28, 2021",133.41,135.25,133.35,134.78,62111300
"Jun 25, 2021",133.46,133.89,132.81,133.11,70783700
"Jun 24, 2021",134.45,134.64,132.93,133.41,68711000
"Jun 23, 2021",133.77,134.32,133.23,133.7,60214200
"Jun 22, 2021",132.13,134.08,131.62,133.98,74783600
"Jun 21, 2021",130.3,132.41,129.21,132.3,79663300
"Jun 18, 2021",130.71,131.51,130.24,130.46,108953300
"Jun 17, 2021",129.8,132.55,129.65,131.79,96721700
"Jun 16, 2021",130.37,130.89,128.46,130.15,91815000
"Jun 15, 2021",129.94,130.6,129.39,129.64,62746300
"Jun 14, 2021",127.82,130.54,127.07,130.48,96906500
"Jun 11, 2021",126.53,127.44,126.1,127.35,53522400
"Jun 10, 2021",127.02,128.19,125.94,126.11,71186400
"Jun 9, 2021",127.21,127.75,126.52,127.13,56877900
"Jun 8, 2021",126.6,128.46,126.21,126.74,74403800
"Jun 7, 2021",126.17,126.32,124.83,125.9,71057600
"Jun 4, 2021",124.07,126.16,123.85,125.89,75169300
"Jun 3, 2021",124.68,124.85,123.13,123.54,76229200
"Jun 2, 2021",124.28,125.24,124.05,125.06,59278900
"Jun 1, 2021",125.08,125.35,123.94,124.28,67637100
"May 28, 2021",125.57,125.8,124.55,124.61,71311100
"May 27, 2021",126.44,127.64,125.08,125.28,94625600
"May 26, 2021",126.96,127.39,126.42,126.85,56575900
"May 25, 2021",127.82,128.32,126.32,126.9,72009500
"May 24, 2021",126.01,127.94,125.94,127.1,63092900
"May 21, 2021",127.82,128.0,125.21,125.43,79295400
"May 20, 2021",125.23,127.72,125.1,127.31,76857100
"May 19, 2021",123.16,124.92,122.86,124.69,92612000
"May 18, 2021",126.56,126.99,124.78,124.85,63342900
"May 17, 2021",126.82,126.93,125.17,126.27,74244600
"May 14, 2021",126.25,127.89,125.85,127.45,81918000
"May 13, 2021",124.58,126.15,124.26,124.97,105861300
"May 12, 2021",123.4,124.64,122.25,122.77,112172300
"May 11, 2021",123.5,126.27,122.77,125.91,126142800
"May 10, 2021",129.41,129.54,126.81,126.85,88071200
"May 7, 2021",130.85,131.26,129.48,130.21,78973300
"May 6, 2021",127.89,129.75,127.13,129.74,78128300
"May 5, 2021",129.2,130.45,127.97,128.1,84000900
"May 4, 2021",131.19,131.49,126.7,127.85,137564700
"May 3, 2021",132.04,134.07,131.83,132.54,75135100
"Apr 30, 2021",131.78,133.56,131.07,131.46,109839500
"Apr 29, 2021",136.47,137.07,132.45,133.48,151101000
"Apr 28, 2021",134.31,135.02,133.08,133.58,107760100
"Apr 27, 2021",135.01,135.41,134.11,134.39,66015800
"Apr 26, 2021",134.83,135.06,133.56,134.72,66905100
"Apr 23, 2021",132.16,135.12,132.16,134.32,78657500
"Apr 22, 2021",133.04,134.15,131.41,131.94,84566500
"Apr 21, 2021",132.36,133.75,131.3,133.5,68847100
"Apr 20, 2021",135.02,135.53,131.81,133.11,94812300
"Apr 19, 2021",133.51,135.47,133.34,134.84,94264200
"Apr 16, 2021",134.3,134.67,133.28,134.16,84922400
"Apr 15, 2021",133.82,135.0,133.64,134.5,89347100
"Apr 14, 2021",134.94,135.0,131.66,132.03,87222800
"Apr 13, 2021",132.44,134.66,131.93,134.43,91266500
"Apr 12, 2021",132.52,132.85,130.63,131.24,91420000
"Apr 9, 2021",129.8,133.04,129.47,133.0,106686700
"Apr 8, 2021",128.95,130.39,128.52,130.36,88844600
"Apr 7, 2021",125.83,127.92,125.14,127.9,83466700
"Apr 6, 2021",126.5,127.13,125.65,126.21,80171300
"Apr 5, 2021",123.87,126.16,123.07,125.9,88651200
"Apr 1, 2021",123.66,124.18,122.49,123.0,75089100
"Mar 31, 2021",121.65,123.52,121.15,122.15,118323800
"Mar 30, 2021",120.11,120.4,118.86,119.9,85671900
"Mar 29, 2021",121.65,122.58,120.73,121.39,80819200
"Mar 26, 2021",120.35,121.48,118.92,121.21,94071200
"Mar 25, 2021",119.54,121.66,119.0,120.59,98844700
"Mar 24, 2021",122.82,122.9,120.07,120.09,88530500
"Mar 23, 2021",123.33,124.24,122.14,122.54,95467100
"Mar 22, 2021",120.33,123.87,120.26,123.39,111912300
"Mar 19, 2021",119.9,121.43,119.68,119.99,185549500
"Mar 18, 2021",122.88,123.18,120.32,120.53,121229700
"Mar 17, 2021",124.05,125.86,122.34,124.76,111932600
"Mar 16, 2021",125.7,127.22,124.72,125.57,115227900
"Mar 15, 2021",121.41,124.0,120.42,123.99,92403800
"Mar 12, 2021",120.4,121.17,119.16,121.03,88105100
"Mar 11, 2021",122.54,123.21,121.26,121.96,103026500
"Mar 10, 2021",121.69,122.17,119.45,119.98,111943300
"Mar 9, 2021",119.03,122.06,118.79,121.09,129525800
"Mar 8, 2021",120.93,121.0,116.21,116.36,154376600
"Mar 5, 2021",120.98,121.94,117.57,121.42,153766600
"Mar 4, 2021",121.75,123.6,118.62,120.13,178155000
"Mar 3, 2021",124.81,125.71,121.84,122.06,112966300
"Mar 2, 2021",128.41,128.72,125.01,125.12,102260900
"Mar 1, 2021",123.75,127.93,122.79,127.79,116307900
"Feb 26, 2021",122.59,124.85,121.2,121.26,164560400
"Feb 25, 2021",124.68,126.46,120.54,120.99,148199500
"Feb 24, 2021",124.94,125.56,122.23,125.35,111039900
"Feb 23, 2021",123.76,126.71,118.39,125.86,158273000
"Feb 22, 2021",128.01,129.72,125.6,126.0,103916400
"Feb 19, 2021",130.24,130.71,128.8,129.87,87668800
"Feb 18, 2021",129.2,130.0,127.41,129.71,96856700
"Feb 17, 2021",131.25,132.22,129.47,130.84,97918500
"Feb 16, 2021",135.49,136.01,132.79,133.19,80576300
"Feb 12, 2021",134.35,135.53,133.69,135.37,60145100
"Feb 11, 2021",135.9,136.39,133.77,135.13,64280000
"Feb 10, 2021",136.48,136.99,134.4,135.39,73046600
"Feb 9, 2021",136.62,137.88,135.85,136.01,76774200
"Feb 8, 2021",136.03,136.96,134.92,136.91,71297200
"Feb 5, 2021",137.35,137.42,135.86,136.76,75693800
"Feb 4, 2021",136.3,137.4,134.59,137.39,84183100
"Feb 3, 2021",135.76,135.77,133.61,133.94,89880900
"Feb 2, 2021",135.73,136.31,134.61,134.99,83305400
"Feb 1, 2021",133.75,135.38,130.93,134.14,106239800
"Jan 29, 2021",135.83,136.74,130.21,131.96,177523800
"Jan 28, 2021",139.52,141.99,136.7,137.09,142621100
"Jan 27, 2021",143.43,144.3,140.41,142.06,140843800
"Jan 26, 2021",143.6,144.3,141.37,143.16,98390600
"Jan 25, 2021",143.07,145.09,136.54,142.92,157611700
"Jan 22, 2021",136.28,139.85,135.02,139.07,114459400
"Jan 21, 2021",133.8,139.67,133.59,136.87,120150900
"Jan 20, 2021",128.66,132.49,128.55,132.03,104319500
"Jan 19, 2021",127.78,128.71,126.94,127.83,90757300
"Jan 15, 2021",128.78,130.22,127.0,127.14,111598500
"Jan 14, 2021",130.8,131.0,128.76,128.91,90221800
"Jan 13, 2021",128.76,131.45,128.49,130.89,88636800
"Jan 12, 2021",128.5,129.69,126.86,128.8,91951100
"Jan 11, 2021",129.19,130.17,128.5,128.98,100384500
"Jan 8, 2021",132.43,132.63,130.23,132.05,105158200
"Jan 7, 2021",128.36,131.63,127.86,130.92,109578200
"Jan 6, 2021",127.72,131.05,126.38,126.6,155088000
"Jan 5, 2021",128.89,131.74,128.43,131.01,97664900
"Jan 4, 2021",133.52,133.61,126.76,129.41,143301900
"Dec 31, 2020",134.08,134.74,131.72,132.69,99116600
"Dec 30, 2020",135.58,135.99,133.4,133.72,96452100
"Dec 29, 2020",138.05,138.79,134.34,134.87,121047300
"Dec 28, 2020",133.99,137.34,133.51,136.69,124486200
"Dec 24, 2020",131.32,133.46,131.1,131.97,54930100
"Dec 23, 2020",132.16,132.43,130.78,130.96,88223700
"Dec 22, 2020",131.61,134.41,129.65,131.88,168904800
"Dec 21, 2020",125.02,128.31,123.45,128.23,121251600
"Dec 18, 2020",128.96,129.1,126.12,126.66,192541500
"Dec 17, 2020",128.9,129.58,128.04,128.7,94359800
"Dec 16, 2020",127.41,128.37,126.56,127.81,98208600
"Dec 15, 2020",124.34,127.9,124.13,127.88,157243700
"Dec 14, 2020",122.6,123.35,121.54,121.78,79184500
"Dec 11, 2020",122.43,122.76,120.55,122.41,86939800
"Dec 10, 2020",120.5,123.87,120.15,123.24,81312200
"Dec 9, 2020",124.53,125.95,121.0,121.78,115089200
"Dec 8, 2020",124.37,124.98,123.09,124.38,82225500
"Dec 7, 2020",122.31,124.57,122.25,123.75,86712000
"Dec 4, 2020",122.6,122.86,121.52,122.25,78260400
"Dec 3, 2020",123.52,123.78,122.21,122.94,78967600
"Dec 2, 2020",122.02,123.37,120.89,123.08,89004200
"Dec 1, 2020",121.01,123.47,120.01,122.72,127728200
"Nov 30, 2020",116.97,120.97,116.81,119.05,169410200
"Nov 27, 2020",116.57,117.49,116.22,116.59,46691300
"Nov 25, 2020",115.55,116.75,115.17,116.03,76499200
"Nov 24, 2020",113.91,115.85,112.59,115.17,113874200
"Nov 23, 2020",117.18,117.62,113.75,113.85,127959300
"Nov 20, 2020",118.64,118.77,117.29,117.34,73604300
"Nov 19, 2020",117.59,119.06,116.81,118.64,74113000
"Nov 18, 2020",118.61,119.82,118.0,118.03,76322100
"Nov 17, 2020",119.55,120.67,118.96,119.39,74271000
"Nov 16, 2020",118.92,120.99,118.15,120.3,91183000
"Nov 13, 2020",119.44,119.67,117.87,119.26,81581900
"Nov 12, 2020",119.62,120.53,118.57,119.21,103162300
"Nov 11, 2020",117.19,119.63,116.44,119.49,112295000
"Nov 10, 2020",115.55,117.59,114.13,115.97,138023400
"Nov 9, 2020",120.5,121.99,116.05,116.32,154515300
"Nov 6, 2020",118.32,119.2,116.13,118.69,114457900
"Nov 5, 2020",117.95,119.62,116.87,119.03,126387100
"Nov 4, 2020",114.14,115.59,112.35,114.95,138235500
"Nov 3, 2020",109.66,111.49,108.73,110.44,107624400
"Nov 2, 2020",109.11,110.68,107.32,108.77,122866900
"Oct 30, 2020",111.06,111.99,107.72,108.86,190272600
"Oct 29, 2020",112.37,116.93,112.2,115.32,146129200
"Oct 28, 2020",115.05,115.43,111.1,111.2,143937800
"Oct 27, 2020",115.49,117.28,114.54,116.6,92276800
"Oct 26, 2020",114.01,116.55,112.88,115.05,111850700
"Oct 23, 2020",116.39,116.55,114.28,115.04,82572600
"Oct 22, 2020",117.45,118.04,114.59,115.75,101988000
"Oct 21, 2020",116.67,118.71,116.45,116.87,89946000
"Oct 20, 2020",116.2,118.98,115.63,117.51,124423700
"Oct 19, 2020",119.96,120.42,115.66,115.98,120639300
"Oct 16, 2020",121.28,121.55,118.81,119.02,115393800
"Oct 15, 2020",118.72,121.2,118.15,120.71,112559200
"Oct 14, 2020",121.0,123.03,119.62,121.19,150712000
"Oct 13, 2020",125.27,125.39,119.65,121.1,262330500
"Oct 12, 2020",120.06,125.18,119.28,124.4,240226800
"Oct 9, 2020",115.28,117.0,114.92,116.97,100506900
"Oct 8, 2020",116.25,116.4,114.59,114.97,83477200
"Oct 7, 2020",114.62,115.55,114.13,115.08,96849000
"Oct 6, 2020",115.7,116.12,112.25,113.16,161498200
"Oct 5, 2020",113.91,116.65,113.55,116.5,106243800
"Oct 2, 2020",112.89,115.37,112.22,113.02,144712000
"Oct 1, 2020",117.64,117.72,115.83,116.79,116120400
"Sep 30, 2020",113.79,117.26,113.62,115.81,142675200
"Sep 29, 2020",114.55,115.31,113.57,114.09,99382200
"Sep 28, 2020",115.01,115.32,112.78,114.96,137672400
"Sep 25, 2020",108.43,112.44,107.67,112.28,149981400
"Sep 24, 2020",105.17,110.25,105.0,108.22,167743300
"Sep 23, 2020",111.62,112.11,106.77,107.12,150718700
"Sep 22, 2020",112.68,112.86,109.16,111.81,183055400
"Sep 21, 2020",104.54,110.19,103.1,110.08,195713800
"Sep 18, 2020",110.4,110.88,106.09,106.84,287104900
"Sep 17, 2020",109.72,112.2,108.71,110.34,178011000
"Sep 16, 2020",115.23,116.0,112.04,112.13,154679000
"Sep 15, 2020",118.33,118.83,113.61,115.54,184642000
"Sep 14, 2020",114.72,115.93,112.8,115.36,140150100
"Sep 11, 2020",114.57,115.23,110.0,112.0,180860300
"Sep 10, 2020",120.36,120.5,112.5,113.49,182274400
"Sep 9, 2020",117.26,119.14,115.26,117.32,176940500
"Sep 8, 2020",113.95,118.99,112.68,112.82,231366600
"Sep 4, 2020",120.07,123.7,110.89,120.96,332607200
"Sep 3, 2020",126.91,128.84,120.5,120.88,257599600
"Sep 2, 2020",137.59,137.98,127.0,131.4,200119000
"Sep 1, 2020",132.76,134.8,130.53,134.18,151948100
"Aug 31, 2020",127.58,131.0,126.0,129.04,225702700
"Aug 28, 2020",126.01,126.44,124.58,124.81,187630000
"Aug 27, 2020",127.14,127.49,123.83,125.01,155552400
"Aug 26, 2020",126.18,126.99,125.08,126.52,163022400
"Aug 25, 2020",124.7,125.18,123.05,124.82,211495600
"Aug 24, 2020",128.7,128.79,123.94,125.86,345937600
"Aug 21, 2020",119.26,124.87,119.25,124.37,338054800
"Aug 20, 2020",115.75,118.39,115.73,118.28,126907200
"Aug 19, 2020",115.98,117.16,115.61,115.71,145538000
"Aug 18, 2020",114.35,116.0,114.01,115.56,105633600
"Aug 17, 2020",116.06,116.09,113.96,114.61,119561600
"Aug 14, 2020",114.83,115.0,113.04,114.91,165565200
"Aug 13, 2020",114.43,116.04,113.93,115.01,210082000
"Aug 12, 2020",110.5,113.28,110.3,113.01,165598000
"Aug 11, 2020",111.97,112.48,109.11,109.38,187902400
"Aug 10, 2020",112.6,113.78,110.0,112.73,212403600
"Aug 7, 2020",113.21,113.68,110.29,111.11,198045600
"Aug 6, 2020",110.4,114.41,109.8,113.9,202428800
"Aug 5, 2020",109.38,110.39,108.9,110.06,121776800
"Aug 4, 2020",109.13,110.79,108.39,109.67,173071600
"Aug 3, 2020",108.2,111.64,107.89,108.94,308151200
"Jul 31, 2020",102.89,106.42,100.82,106.26,374336800
"Jul 30, 2020",94.19,96.3,93.77,96.19,158130000
"Jul 29, 2020",93.75,95.23,93.71,95.04,90329200
"Jul 28, 2020",94.37,94.55,93.25,93.25,103625600
"Jul 27, 2020",93.71,94.9,93.48,94.81,121214000
"Jul 24, 2020",90.99,92.97,89.14,92.61,185438800
"Jul 23, 2020",97.0,97.08,92.01,92.85,197004400
"Jul 22, 2020",96.69,97.97,96.6,97.27,89001600
"Jul 21, 2020",99.17,99.25,96.74,97.0,103433200
"Jul 20, 2020",96.42,98.5,96.06,98.36,90318000
"Jul 17, 2020",96.99,97.15,95.84,96.33,92186800
"Jul 16, 2020",96.56,97.4,95.9,96.52,110577600
"Jul 15, 2020",98.99,99.25,96.49,97.72,153198000
"Jul 14, 2020",94.84,97.25,93.88,97.06,170989200
"Jul 13, 2020",97.26,99.96,95.26,95.48,191649200
"Jul 10, 2020",95.33,95.98,94.71,95.92,90257200
"Jul 9, 2020",96.26,96.32,94.67,95.75,125642800
"Jul 8, 2020",94.18,95.38,94.09,95.34,117092000
"Jul 7, 2020",93.85,94.65,93.06,93.17,112424400
"Jul 6, 2020",92.5,93.94,92.47,93.46,118655600
"Jul 2, 2020",91.96,92.62,90.91,91.03,114041600
"Jul 1, 2020",91.28,91.84,90.98,91.03,110737200
"Jun 30, 2020",90.02,91.5,90.0,91.2,140223200
"Jun 29, 2020",88.31,90.54,87.82,90.44,130646000
"Jun 26, 2020",91.1,91.33,88.25,88.41,205256800
"Jun 25, 2020",90.18,91.25,89.39,91.21,137522400
"Jun 24, 2020",91.25,92.2,89.63,90.01,192623200
"Jun 23, 2020",91.0,93.1,90.57,91.63,212155600
"Jun 22, 2020",87.83,89.86,87.79,89.72,135445200
"Jun 19, 2020",88.66,89.14,86.29,87.43,264476000
"Jun 18, 2020",87.85,88.36,87.31,87.93,96820400
"Jun 17, 2020",88.79,88.85,87.77,87.9,114406400
"Jun 16, 2020",87.86,88.3,86.18,88.02,165428800
"Jun 15, 2020",83.31,86.42,83.14,85.75,138808800
"Jun 12, 2020",86.18,86.95,83.56,84.7,200146000
"Jun 11, 2020",87.33,87.76,83.87,83.97,201662400
"Jun 10, 2020",86.97,88.69,86.52,88.21,166651600
"Jun 9, 2020",83.04,86.4,83.0,86.0,147712400
"Jun 8, 2020",82.56,83.4,81.83,83.36,95654400
"Jun 5, 2020",80.84,82.94,80.81,82.88,137250400
"Jun 4, 2020",81.1,81.4,80.19,80.58,87560400
"Jun 3, 2020",81.17,81.55,80.57,81.28,104491200
"Jun 2, 2020",80.19,80.86,79.73,80.83,87642800
"Jun 1, 2020",79.44,80.59,79.3,80.46,80791200
"May 29, 2020",79.81,80.29,79.12,79.49,153532400
"May 28, 2020",79.19,80.86,78.91,79.56,133560800
"May 27, 2020",79.04,79.68,78.27,79.53,112945200
"May 26, 2020",80.88,81.06,79.13,79.18,125522000
"May 22, 2020",78.94,79.81,78.84,79.72,81803200
"May 21, 2020",79.67,80.22,78.97,79.21,102688800
"May 20, 2020",79.17,79.88,79.13,79.81,111504800
"May 19, 2020",78.76,79.63,78.25,78.29,101729600
"May 18, 2020",78.29,79.13,77.58,78.74,135178400
"May 15, 2020",75.09,76.97,75.05,76.93,166348400
"May 14, 2020",76.13,77.45,75.38,77.39,158929200
"May 13, 2020",78.04,78.99,75.8,76.91,200622400
"May 12, 2020",79.46,79.92,77.73,77.85,162301200
"May 11, 2020",77.03,79.26,76.81,78.75,145946400
"May 8, 2020",76.41,77.59,76.07,77.53,133838400
"May 7, 2020",75.81,76.29,75.49,75.93,115215200
"May 6, 2020",75.11,75.81,74.72,75.16,142333600
"May 5, 2020",73.76,75.25,73.61,74.39,147751200
"May 4, 2020",72.29,73.42,71.58,73.29,133568000
"May 1, 2020",71.56,74.75,71.46,72.27,240616800
"Apr 30, 2020",72.49,73.63,72.09,73.45,183064000
"Apr 29, 2020",71.18,72.42,70.97,71.93,137280800
"Apr 28, 2020",71.27,71.46,69.55,69.64,112004800
"Apr 27, 2020",70.45,71.14,69.99,70.79,117087600
"Apr 24, 2020",69.3,70.75,69.25,70.74,126161200
"Apr 23, 2020",68.97,70.44,68.72,68.76,124814400
"Apr 22, 2020",68.4,69.47,68.05,69.03,116862400
"Apr 21, 2020",69.07,69.31,66.36,67.09,180991600
"Apr 20, 2020",69.49,70.42,69.21,69.23,130015200
"Apr 17, 2020",71.17,71.74,69.21,70.7,215250000
"Apr 16, 2020",71.85,72.05,70.59,71.67,157125200
"Apr 15, 2020",70.6,71.58,70.16,71.11,131154400
"Apr 14, 2020",70.0,72.06,69.51,71.76,194994800
"Apr 13, 2020",67.08,68.43,66.46,68.31,131022800
"Apr 9, 2020",67.18,67.52,66.18,67.0,161834800
"Apr 8, 2020",65.68,66.84,65.31,66.52,168895200
"Apr 7, 2020",67.7,67.93,64.75,64.86,202887200
"Apr 6, 2020",62.72,65.78,62.35,65.62,201820400
"Apr 3, 2020",60.7,61.42,59.74,60.35,129880000
"Apr 2, 2020",60.08,61.29,59.22,61.23,165934000
"Apr 1, 2020",61.63,62.18,59.78,60.23,176218400
"Mar 31, 2020",63.9,65.62,63.0,63.57,197002000
"Mar 30, 2020",62.69,63.88,62.35,63.7,167976400
"Mar 27, 2020",63.19,63.97,61.76,61.94,204216800
"Mar 26, 2020",61.63,64.67,61.59,64.61,252087200
"Mar 25, 2020",62.69,64.56,61.08,61.38,303602000
"Mar 24, 2020",59.09,61.92,58.58,61.72,287531200
"Mar 23, 2020",57.02,57.13,53.15,56.09,336752800
"Mar 20, 2020",61.79,62.96,57.0,57.31,401693200
"Mar 19, 2020",61.85,63.21,60.65,61.19,271857200
"Mar 18, 2020",59.94,62.5,59.28,61.67,300233600
"Mar 17, 2020",61.88,64.4,59.6,63.22,324056000
"Mar 16, 2020",60.49,64.77,60.0,60.55,322423600
"Mar 13, 2020",66.22,69.98,63.24,69.49,370732000
"Mar 12, 2020",63.99,67.5,62.0,62.06,418474000
"Mar 11, 2020",69.35,70.31,67.96,68.86,255598800
"Mar 10, 2020",69.29,71.61,67.34,71.33,285290000
"Mar 9, 2020",65.94,69.52,65.75,66.54,286744800
"Mar 6, 2020",70.5,72.71,70.31,72.26,226176800
"Mar 5, 2020",73.88,74.89,72.85,73.23,187572800
"Mar 4, 2020",74.11,75.85,73.28,75.68,219178400
"Mar 3, 2020",75.92,76.0,71.45,72.33,319475600
"Mar 2, 2020",70.57,75.36,69.43,74.7,341397200
"Feb 28, 2020",64.32,69.6,64.09,68.34,426510000
"Feb 27, 2020",70.28,71.5,68.24,68.38,320605600
"Feb 26, 2020",71.63,74.47,71.63,73.16,198054800
"Feb 25, 2020",75.24,75.63,71.53,72.02,230673600
"Feb 24, 2020",74.32,76.04,72.31,74.54,222195200
"Feb 21, 2020",79.65,80.11,77.63,78.26,129554000
"Feb 20, 2020",80.66,81.16,79.55,80.07,100566000
"Feb 19, 2020",80.0,81.14,80.0,80.9,93984000
"Feb 18, 2020",78.84,79.94,78.65,79.75,152531200
"Feb 14, 2020",81.18,81.5,80.71,81.24,80113600
"Feb 13, 2020",81.05,81.56,80.84,81.22,94747600
"Feb 12, 2020",80.37,81.81,80.37,81.8,113730400
"Feb 11, 2020",80.9,80.97,79.68,79.9,94323200
"Feb 10, 2020",78.54,80.39,78.46,80.39,109348800
"Feb 7, 2020",80.59,80.85,79.5,80.01,117684000
"Feb 6, 2020",80.64,81.31,80.07,81.3,105425600
"Feb 5, 2020",80.88,81.19,79.74,80.36,118826800
"Feb 4, 2020",78.83,79.91,78.41,79.71,136616400
"Feb 3, 2020",76.07,78.37,75.56,77.17,173788400
"Jan 31, 2020",80.23,80.67,77.07,77.38,199588400
"Jan 30, 2020",80.14,81.02,79.69,80.97,126743200
"Jan 29, 2020",81.11,81.96,80.35,81.08,216229200
"Jan 28, 2020",78.15,79.6,78.05,79.42,162234000
"Jan 27, 2020",77.51,77.94,76.22,77.24,161940000
"Jan 24, 2020",80.06,80.83,79.38,79.58,146537600
"Jan 23, 2020",79.48,79.89,78.91,79.81,104472000
"Jan 22, 2020",79.64,80.0,79.33,79.43,101832400
"Jan 21, 2020",79.3,79.75,79.0,79.14,110843200
"Jan 17, 2020",79.07,79.68,78.75,79.68,137816400
"Jan 16, 2020",78.4,78.93,78.02,78.81,108829200
"Jan 15, 2020",77.96,78.88,77.39,77.83,121923600
"Jan 14, 2020",79.18,79.39,78.04,78.17,161954400
"Jan 13, 2020",77.91,79.27,77.79,79.24,121532000
"Jan 10, 2020",77.65,78.17,77.06,77.58,140644800
"Jan 9, 2020",76.81,77.61,76.55,77.41,170108400
"Jan 8, 2020",74.29,76.11,74.29,75.8,132079200
"Jan 7, 2020",74.96,75.22,74.37,74.6,108872000
"Jan 6, 2020",73.45,74.99,73.19,74.95,118387200
"Jan 3, 2020",74.29,75.14,74.13,74.36,146322800
"Jan 2, 2020",74.06,75.15,73.8,75.09,135480400
"Dec 31, 2019",72.48,73.42,72.38,73.41,100805600
"Dec 30, 2019",72.36,73.17,71.31,72.88,144114400
"Dec 27, 2019",72.78,73.49,72.03,72.45,146266000
"Dec 26, 2019",71.21,72.5,71.18,72.48,93121200
"Dec 24, 2019",71.17,71.22,70.73,71.07,48478800
"Dec 23, 2019",70.13,71.06,70.09,71.0,98572000
"Dec 20, 2019",70.56,70.66,69.64,69.86,275978000
"Dec 19, 2019",69.88,70.29,69.74,70.0,98369200
"Dec 18, 2019",69.95,70.47,69.78,69.93,116028400
"Dec 17, 2019",69.89,70.44,69.7,70.1,114158400
"Dec 16, 2019",69.25,70.2,69.25,69.96,128186000
"Dec 13, 2019",67.86,68.82,67.73,68.79,133587600
"Dec 12, 2019",66.94,68.14,66.83,67.86,137310400
"Dec 11, 2019",67.2,67.78,67.13,67.69,78756800
"Dec 10, 2019",67.15,67.52,66.46,67.12,90420400
"Dec 9, 2019",67.5,67.7,66.23,66.73,128042400
"Dec 6, 2019",66.87,67.75,66.82,67.68,106075600
"Dec 5, 2019",65.95,66.47,65.68,66.39,74424400
"Dec 4, 2019",65.27,65.83,65.17,65.43,67181600
"Dec 3, 2019",64.58,64.88,64.07,64.86,114430400
"Dec 2, 2019",66.82,67.06,65.86,66.04,94487200
"Nov 29, 2019",66.65,67.0,66.47,66.81,46617600
"Nov 27, 2019",66.39,67.0,66.33,66.96,65235600
"Nov 26, 2019",66.74,66.79,65.63,66.07,105207600
"Nov 25, 2019",65.68,66.61,65.63,66.59,84020400
"Nov 22, 2019",65.65,65.79,65.21,65.44,65325200
"Nov 21, 2019",65.92,66.0,65.29,65.5,121395200
"Nov 20, 2019",66.39,66.52,65.1,65.8,106234400
"Nov 19, 2019",66.97,67.0,66.35,66.57,76167200
"Nov 18, 2019",66.45,66.86,66.06,66.78,86703200
"Nov 15, 2019",65.92,66.44,65.75,66.44,100206400
"Nov 14, 2019",65.94,66.22,65.53,65.66,89182800
"Nov 13, 2019",65.28,66.19,65.27,66.12,102734400
"Nov 12, 2019",65.39,65.7,65.23,65.49,87388800
"Nov 11, 2019",64.57,65.62,64.57,65.55,81821200
"Nov 8, 2019",64.67,65.11,64.21,65.04,69986400
"Nov 7, 2019",64.68,65.09,64.53,64.86,94940400
"Nov 6, 2019",64.19,64.37,63.84,64.31,75864400
"Nov 5, 2019",64.26,64.55,64.08,64.28,79897600
"Nov 4, 2019",64.33,64.46,63.85,64.38,103272000
"Nov 1, 2019",62.38,63.98,62.29,63.96,151125200
"Oct 31, 2019",61.81,62.29,59.31,62.19,139162000
"Oct 30, 2019",61.19,61.33,60.3,60.81,124522000
"Oct 29, 2019",62.24,62.44,60.64,60.82,142839600
"Oct 28, 2019",61.85,62.31,61.68,62.26,96572800
"Oct 25, 2019",60.79,61.68,60.72,61.65,73477200
"Oct 24, 2019",61.13,61.2,60.45,60.9,69275200
"Oct 23, 2019",60.53,60.81,60.31,60.79,75828800
"Oct 22, 2019",60.29,60.55,59.9,59.99,82293600
"Oct 21, 2019",59.38,60.25,59.33,60.13,87247200
"Oct 18, 2019",58.65,59.4,58.57,59.1,97433600
"Oct 17, 2019",58.77,59.04,58.38,58.82,67585200
"Oct 16, 2019",58.34,58.81,58.3,58.59,73903200
"Oct 15, 2019",59.1,59.41,58.72,58.83,87360000
"Oct 14, 2019",58.72,59.53,58.67,58.97,96427600
"Oct 11, 2019",58.24,59.41,58.08,59.05,166795600
"Oct 10, 2019",56.98,57.61,56.83,57.52,113013600
"Oct 9, 2019",56.76,56.95,56.41,56.76,74770400
"Oct 8, 2019",56.46,57.01,56.08,56.1,111820000
"Oct 7, 2019",56.57,57.48,56.46,56.76,122306000
"Oct 4, 2019",56.41,56.87,55.97,56.75,138478800
"Oct 3, 2019",54.61,55.24,53.78,55.21,114426000
"Oct 2, 2019",55.76,55.9,54.48,54.74,138449200
"Oct 1, 2019",56.27,57.06,56.05,56.15,139223200
"Sep 30, 2019",55.22,56.15,55.2,55.99,103909600
"Sep 27, 2019",55.13,55.24,54.32,54.71,101408000
"Sep 26, 2019",55.0,55.24,54.71,54.97,75334000
"Sep 25, 2019",54.64,55.38,54.28,55.26,87613600
"Sep 24, 2019",55.26,55.62,54.3,54.42,124763200
"Sep 23, 2019",54.74,54.96,54.41,54.68,76662000
"Sep 20, 2019",55.35,55.64,54.37,54.43,221652400
"Sep 19, 2019",55.5,55.94,55.09,55.24,88242400
"Sep 18, 2019",55.26,55.71,54.86,55.69,101360000
"Sep 17, 2019",54.99,55.21,54.78,55.17,73274800
"Sep 16, 2019",54.43,55.03,54.39,54.97,84632400
"Sep 13, 2019",55.0,55.2,54.26,54.69,159053200
"Sep 12, 2019",56.2,56.6,55.72,55.77,128906800
"Sep 11, 2019",54.52,55.93,54.43,55.9,177158400
"Sep 10, 2019",53.47,54.19,52.93,54.17,127111600
"Sep 9, 2019",53.71,54.11,52.77,53.54,109237600
"Sep 6, 2019",53.51,53.6,53.13,53.31,77449200
"Sep 5, 2019",53.0,53.49,52.88,53.32,95654800
"Sep 4, 2019",52.1,52.37,51.83,52.3,76752400
"Sep 3, 2019",51.61,51.74,51.06,51.42,80092000
"Aug 30, 2019",52.54,52.61,51.8,52.19,84573600
"Aug 29, 2019",52.13,52.33,51.67,52.25,83962000
"Aug 28, 2019",51.03,51.43,50.83,51.38,63755200
"Aug 27, 2019",51.97,52.14,50.88,51.04,103493200
"Aug 26, 2019",51.47,51.8,51.26,51.62,104174400
"Aug 23, 2019",52.36,53.01,50.25,50.66,187272000
"Aug 22, 2019",53.3,53.61,52.69,53.12,89014800
"Aug 21, 2019",53.25,53.41,52.9,53.16,86141600
"Aug 20, 2019",52.72,53.34,52.58,52.59,107537200
"Aug 19, 2019",52.65,53.18,52.51,52.59,97654400
"Aug 16, 2019",51.07,51.79,50.96,51.63,110481600
"Aug 15, 2019",50.87,51.28,49.92,50.44,108909600
"Aug 14, 2019",50.79,51.61,50.65,50.69,146189600
"Aug 13, 2019",50.26,53.03,50.12,52.24,188874000
"Aug 12, 2019",49.9,50.51,49.79,50.12,89927600
"Aug 9, 2019",50.33,50.69,49.82,50.25,98478800
"Aug 8, 2019",50.05,50.88,49.85,50.86,108038000
"Aug 7, 2019",48.85,49.89,48.46,49.76,133457600
"Aug 6, 2019",49.08,49.52,48.51,49.25,143299200
"Aug 5, 2019",49.5,49.66,48.15,48.33,209572000
"Aug 2, 2019",51.38,51.61,50.41,51.01,163448400
"Aug 1, 2019",53.47,54.51,51.69,52.11,216071600
"Jul 31, 2019",54.1,55.34,52.83,53.26,277125600
"Jul 30, 2019",52.19,52.54,51.83,52.19,135742800
"Jul 29, 2019",52.12,52.66,52.11,52.42,86693600
"Jul 26, 2019",51.87,52.43,51.78,51.94,70475600
"Jul 25, 2019",52.22,52.31,51.68,51.76,55638400
"Jul 24, 2019",51.92,52.29,51.79,52.17,59966400
"Jul 23, 2019",52.12,52.23,51.82,52.21,73420800
"Jul 22, 2019",50.91,51.81,50.9,51.81,89111600
"Jul 19, 2019",51.45,51.63,50.59,50.65,83717200
"Jul 18, 2019",51.0,51.47,50.92,51.42,74162400
"Jul 17, 2019",51.01,51.27,50.82,50.84,56430000
"Jul 16, 2019",51.15,51.53,50.88,51.13,67467200
"Jul 15, 2019",51.02,51.47,51.0,51.3,67789600
"Jul 12, 2019",50.61,51.0,50.55,50.83,70380800
"Jul 11, 2019",50.83,51.1,50.43,50.44,80767200
"Jul 10, 2019",50.46,50.93,50.39,50.81,71588400
"Jul 9, 2019",49.8,50.38,49.7,50.31,82312000
"Jul 8, 2019",50.2,50.35,49.6,50.01,101354400
"Jul 5, 2019",50.84,51.27,50.72,51.06,69062000
"Jul 3, 2019",50.82,51.11,50.67,51.1,45448000
"Jul 2, 2019",50.35,50.78,50.34,50.68,67740800
"Jul 1, 2019",50.79,51.12,50.16,50.39,109012000
"Jun 28, 2019",49.67,49.88,49.26,49.48,124442400
"Jun 27, 2019",50.07,50.39,49.89,49.94,83598800
"Jun 26, 2019",49.44,50.25,49.34,49.95,104270000
"Jun 25, 2019",49.61,49.81,48.82,48.89,84281200
"Jun 24, 2019",49.63,50.04,49.54,49.65,72881600
"Jun 21, 2019",49.7,50.21,49.54,49.69,191202400
"Jun 20, 2019",50.09,50.15,49.51,49.87,86056000
"Jun 19, 2019",49.92,49.97,49.33,49.47,84496800
"Jun 18, 2019",49.01,50.07,48.8,49.61,106204000
"Jun 17, 2019",48.22,48.74,48.04,48.47,58676400
"Jun 14, 2019",47.89,48.4,47.58,48.19,75046000
"Jun 13, 2019",48.67,49.2,48.4,48.54,86698400
"Jun 12, 2019",48.49,48.99,48.35,48.55,73012800
"Jun 11, 2019",48.72,49.0,48.4,48.7,107731600
"Jun 10, 2019",47.95,48.84,47.9,48.15,104883600
"Jun 7, 2019",46.63,47.98,46.44,47.54,122737600
"Jun 6, 2019",45.77,46.37,45.54,46.31,90105200
"Jun 5, 2019",46.07,46.25,45.28,45.63,119093600
"Jun 4, 2019",43.86,44.96,43.63,44.91,123872000
"Jun 3, 2019",43.9,44.48,42.57,43.33,161584400
"May 31, 2019",44.06,44.5,43.75,43.77,108174400
"May 30, 2019",44.49,44.81,44.17,44.58,84873600
"May 29, 2019",44.1,44.84,44.0,44.35,113924800
"May 28, 2019",44.73,45.15,44.48,44.56,111792800
"May 24, 2019",45.05,45.53,44.65,44.74,94858800
"May 23, 2019",44.95,45.13,44.45,44.92,146118800
"May 22, 2019",46.17,46.43,45.64,45.69,118994400
"May 21, 2019",46.31,47.0,46.17,46.65,113459200
"May 20, 2019",45.88,46.09,45.07,45.77,154449200
"May 17, 2019",46.73,47.72,46.69,47.25,131516400
"May 16, 2019",47.48,48.12,47.21,47.52,132125600
"May 15, 2019",46.57,47.94,46.51,47.73,106178800
"May 14, 2019",46.6,47.42,46.35,47.17,146118800
"May 13, 2019",46.93,47.37,45.71,46.43,229722400
"May 10, 2019",49.35,49.71,48.19,49.29,164834800
"May 9, 2019",50.1,50.42,49.17,50.18,139634400
"May 8, 2019",50.47,51.33,50.44,50.72,105358000
"May 7, 2019",51.47,51.85,50.21,50.72,155054800
"May 6, 2019",51.07,52.21,50.88,52.12,129772400
"May 3, 2019",52.72,52.96,52.56,52.94,83569600
"May 2, 2019",52.46,53.16,52.03,52.29,127985200
"May 1, 2019",52.47,53.83,52.31,52.63,259309200
"Apr 30, 2019",50.76,50.85,49.78,50.17,186139600
"Apr 29, 2019",51.1,51.49,50.97,51.15,88818800
"Apr 26, 2019",51.22,51.25,50.53,51.08,74596400
"Apr 25, 2019",51.71,51.94,51.28,51.32,74172800
"Apr 24, 2019",51.84,52.12,51.76,51.79,70162400
"Apr 23, 2019",51.11,51.94,50.97,51.87,93292000
"Apr 22, 2019",50.71,51.24,50.58,51.13,77758000
"Apr 18, 2019",50.78,51.04,50.63,50.97,96783200
"Apr 17, 2019",49.88,50.85,49.65,50.78,115627200
"Apr 16, 2019",49.87,50.34,49.64,49.81,102785600
"Apr 15, 2019",49.65,49.96,49.5,49.81,70146400
"Apr 12, 2019",49.8,50.03,49.05,49.72,111042800
"Apr 11, 2019",50.21,50.25,49.61,49.74,83603200
"Apr 10, 2019",49.67,50.19,49.54,50.15,86781200
"Apr 9, 2019",50.08,50.71,49.81,49.88,143072800
"Apr 8, 2019",49.1,50.06,49.08,50.03,103526800
"Apr 5, 2019",49.11,49.28,48.98,49.25,74106400
"Apr 4, 2019",48.7,49.09,48.28,48.92,76457200
"Apr 3, 2019",48.31,49.13,48.29,48.84,93087200
"Apr 2, 2019",47.77,48.62,47.76,48.51,91062800
"Apr 1, 2019",47.91,47.92,47.1,47.81,111448000
"Mar 29, 2019",47.46,47.52,47.13,47.49,94256000
"Mar 28, 2019",47.24,47.39,46.88,47.18,83121600
"Mar 27, 2019",47.19,47.44,46.64,47.12,119393600
"Mar 26, 2019",47.92,48.22,46.15,46.7,199202000
"Mar 25, 2019",47.88,47.99,46.65,47.19,175381200
"Mar 22, 2019",48.83,49.42,47.69,47.76,169630800
"Mar 21, 2019",47.51,49.08,47.45,48.77,204136800
"Mar 20, 2019",46.56,47.37,46.18,47.04,124140800
"Mar 19, 2019",47.09,47.25,46.48,46.63,126585600
"Mar 18, 2019",46.45,47.1,46.45,47.01,104879200
"Mar 15, 2019",46.21,46.83,45.94,46.53,156171600
"Mar 14, 2019",45.97,46.03,45.64,45.93,94318000
"Mar 13, 2019",45.56,45.83,45.23,45.43,124130000
"Mar 12, 2019",45.0,45.67,44.84,45.23,129870400
"Mar 11, 2019",43.87,44.78,43.84,44.72,128044000
"Mar 8, 2019",42.58,43.27,42.38,43.23,95997600
"Mar 7, 2019",43.47,43.61,43.01,43.13,99185600
"Mar 6, 2019",43.67,43.87,43.49,43.63,83241600
"Mar 5, 2019",43.99,44.0,43.63,43.88,78949600
"Mar 4, 2019",43.92,44.44,43.49,43.96,109744800
"Mar 1, 2019",43.57,43.79,43.22,43.74,103544800
"Feb 28, 2019",43.58,43.73,43.23,43.29,112861600
"Feb 27, 2019",43.3,43.75,43.18,43.72,111341600
"Feb 26, 2019",43.43,43.83,43.29,43.58,68280800
"Feb 25, 2019",43.54,43.97,43.49,43.56,87493600
"Feb 22, 2019",42.9,43.25,42.85,43.24,75652800
"Feb 21, 2019",42.95,43.09,42.58,42.76,68998800
"Feb 20, 2019",42.8,43.33,42.75,43.01,104457600
"Feb 19, 2019",42.43,42.86,42.37,42.73,75891200
"Feb 15, 2019",42.81,42.92,42.44,42.6,98507200
"Feb 14, 2019",42.43,42.81,42.35,42.7,87342800
"Feb 13, 2019",42.85,43.12,42.48,42.54,89960800
"Feb 12, 2019",42.53,42.75,42.42,42.72,89134000
"Feb 11, 2019",42.76,42.8,42.31,42.36,83973600
"Feb 8, 2019",42.25,42.67,42.1,42.6,95280000
"Feb 7, 2019",43.1,43.49,42.58,42.74,126966800
"Feb 6, 2019",43.66,43.89,43.21,43.56,112958400
"Feb 5, 2019",43.22,43.77,43.09,43.54,144406400
"Feb 4, 2019",41.85,42.92,41.82,42.81,125982000
"Feb 1, 2019",41.74,42.24,41.48,41.63,130672400
"Jan 31, 2019",41.53,42.25,41.14,41.61,162958400
"Jan 30, 2019",40.81,41.54,40.06,41.31,244439200
"Jan 29, 2019",39.06,39.53,38.53,38.67,166348800
"Jan 28, 2019",38.95,39.08,38.42,39.08,104768400
"Jan 25, 2019",38.87,39.53,38.58,39.44,134142000
"Jan 24, 2019",38.53,38.62,37.94,38.17,101766000
"Jan 23, 2019",38.54,38.78,37.92,38.48,92522400
"Jan 22, 2019",39.1,39.18,38.15,38.33,121576000
"Jan 18, 2019",39.38,39.47,38.99,39.21,135004000
"Jan 17, 2019",38.55,39.42,38.31,38.97,119284800
"Jan 16, 2019",38.27,38.97,38.25,38.74,122278800
"Jan 15, 2019",37.57,38.35,37.51,38.27,114843600
"Jan 14, 2019",37.71,37.82,37.31,37.5,129756800
"Jan 11, 2019",38.22,38.42,37.88,38.07,108092800
"Jan 10, 2019",38.13,38.49,37.72,38.45,143122800
"Jan 9, 2019",37.82,38.63,37.41,38.33,180396400
"Jan 8, 2019",37.39,37.96,37.13,37.69,164101200
"Jan 7, 2019",37.17,37.21,36.47,36.98,219111200
"Jan 4, 2019",36.13,37.14,35.95,37.06,234428400
"Jan 3, 2019",35.99,36.43,35.5,35.55,365248800
"Jan 2, 2019",38.72,39.71,38.56,39.48,148158800
"Dec 31, 2018",39.63,39.84,39.12,39.44,140014000
"Dec 28, 2018",39.38,39.63,38.64,39.06,169165600
"Dec 27, 2018",38.96,39.19,37.52,39.04,212468400
"Dec 26, 2018",37.08,39.31,36.68,39.29,234330000
"Dec 24, 2018",37.04,37.89,36.65,36.71,148676800
"Dec 21, 2018",39.22,39.54,37.41,37.68,382978400
"Dec 20, 2018",40.1,40.53,38.83,39.21,259092000
"Dec 19, 2018",41.5,41.86,39.77,40.22,196189200
"Dec 18, 2018",41.35,41.88,41.1,41.52,135366000
"Dec 17, 2018",41.36,42.09,40.68,40.99,177151600
"Dec 14, 2018",42.25,42.27,41.32,41.37,162814800
"Dec 13, 2018",42.62,43.14,42.39,42.74,127594400
"Dec 12, 2018",42.6,42.98,42.26,42.28,142510800
"Dec 11, 2018",42.92,42.95,41.75,42.16,189126800
"Dec 10, 2018",41.25,42.52,40.83,42.4,248104000
"Dec 7, 2018",43.37,43.62,42.08,42.12,169126400
"Dec 6, 2018",42.94,43.69,42.6,43.68,172393600
"Dec 4, 2018",45.24,45.6,44.07,44.17,165377200
"Dec 3, 2018",46.12,46.24,45.3,46.21,163210000
"Nov 30, 2018",45.07,45.08,44.26,44.65,158126000
"Nov 29, 2018",45.67,45.7,44.42,44.89,167080000
"Nov 28, 2018",44.18,45.32,43.73,45.24,184250000
"Nov 27, 2018",42.88,43.69,42.72,43.56,165549600
"Nov 26, 2018",43.56,43.74,42.56,43.65,179994000
"Nov 23, 2018",43.74,44.15,43.03,43.07,94496000
"Nov 21, 2018",44.93,45.07,44.14,44.19,124496800
"Nov 20, 2018",44.59,45.37,43.88,44.24,271300800
"Nov 19, 2018",47.5,47.67,46.25,46.47,167701200
"Nov 16, 2018",47.63,48.74,47.37,48.38,147713200
"Nov 15, 2018",47.1,47.99,46.72,47.85,185915200
"Nov 14, 2018",48.47,48.62,46.48,46.7,243204000
"Nov 13, 2018",47.91,49.29,47.86,48.06,187531600
"Nov 12, 2018",49.75,49.96,48.45,48.54,204542000
"Nov 9, 2018",51.39,51.5,50.56,51.12,137463200
"Nov 8, 2018",52.49,52.53,51.69,52.12,101450400
"Nov 7, 2018",51.49,52.51,51.03,52.49,133697600
"Nov 6, 2018",50.48,51.18,50.42,50.94,127531600
"Nov 5, 2018",51.08,51.1,49.54,50.4,264654800
"Nov 2, 2018",52.39,53.41,51.36,51.87,365314800
"Nov 1, 2018",54.76,55.59,54.2,55.56,233292800
"Oct 31, 2018",54.22,55.11,54.15,54.72,153435600
"Oct 30, 2018",52.79,53.79,52.32,53.33,146640000
"Oct 29, 2018",54.8,54.92,51.52,53.06,183742000
"Oct 26, 2018",53.97,55.05,53.17,54.08,189033600
"Oct 25, 2018",54.43,55.35,54.19,54.95,119423200
"Oct 24, 2018",55.65,56.06,53.63,53.77,163702000
"Oct 23, 2018",53.96,55.81,53.67,55.68,155071200
"Oct 22, 2018",54.95,55.84,54.74,55.16,115168400
"Oct 19, 2018",54.51,55.31,54.36,54.83,132314800
"Oct 18, 2018",54.47,54.94,53.25,54.01,130325200
"Oct 17, 2018",55.58,55.66,54.83,55.3,91541600
"Oct 16, 2018",54.73,55.75,54.19,55.54,116736000
"Oct 15, 2018",55.29,55.46,54.32,54.34,123164000
"Oct 12, 2018",55.1,55.72,54.21,55.53,161351600
"Oct 11, 2018",53.63,54.88,53.08,53.61,212497600
"Oct 10, 2018",56.37,56.59,54.01,54.09,167962400
"Oct 9, 2018",55.91,56.82,55.56,56.72,107564000
"Oct 8, 2018",55.55,56.2,55.05,55.94,118655600
"Oct 5, 2018",56.99,57.1,55.15,56.07,134322000
"Oct 4, 2018",57.69,58.09,56.68,57.0,128168000
"Oct 3, 2018",57.51,58.37,57.44,58.02,114619200
"Oct 2, 2018",56.81,57.5,56.66,57.32,99152800
"Oct 1, 2018",56.99,57.35,56.59,56.81,94403200
"Sep 28, 2018",56.2,56.46,56.01,56.44,91717600
"Sep 27, 2018",55.96,56.61,55.88,56.24,120724800
"Sep 26, 2018",55.25,55.94,54.94,55.1,95938800
"Sep 25, 2018",54.94,55.71,54.92,55.55,98217600
"Sep 24, 2018",54.21,55.31,54.16,55.2,110773600
"Sep 21, 2018",55.19,55.34,54.32,54.42,384986800
"Sep 20, 2018",55.06,55.57,54.79,55.01,106435200
"Sep 19, 2018",54.63,54.9,53.83,54.59,108495200
"Sep 18, 2018",54.45,55.46,54.28,54.56,126286800
"Sep 17, 2018",55.54,55.74,54.32,54.47,148780400
"Sep 14, 2018",56.44,56.71,55.63,55.96,127997200
"Sep 13, 2018",55.88,57.09,55.64,56.6,166825600
"Sep 12, 2018",56.24,56.25,54.96,55.27,197114800
"Sep 11, 2018",54.5,56.08,54.14,55.96,142996000
"Sep 10, 2018",55.24,55.46,54.12,54.58,158066000
"Sep 7, 2018",55.46,56.34,55.18,55.33,150479200
"Sep 6, 2018",56.56,56.84,55.33,55.78,137160000
"Sep 5, 2018",57.25,57.42,56.28,56.72,133332000
"Sep 4, 2018",57.1,57.29,56.66,57.09,109560400
"Aug 31, 2018",56.63,57.22,56.5,56.91,173360400
"Aug 30, 2018",55.81,57.06,55.6,56.26,195175200
"Aug 29, 2018",55.04,55.87,54.85,55.74,109019200
"Aug 28, 2018",54.75,55.13,54.73,54.92,91107200
"Aug 27, 2018",54.29,54.69,54.08,54.49,82100400
"Aug 24, 2018",54.15,54.22,53.78,54.04,73905600
"Aug 23, 2018",53.66,54.26,53.65,53.87,75532800
"Aug 22, 2018",53.53,54.09,53.46,53.76,76072400
"Aug 21, 2018",54.2,54.3,53.51,53.76,104639200
"Aug 20, 2018",54.53,54.79,53.78,53.87,121150800
"Aug 17, 2018",53.36,54.49,53.29,54.4,141708000
"Aug 16, 2018",52.94,53.45,52.87,53.33,114001600
"Aug 15, 2018",52.31,52.69,52.08,52.56,115230400
"Aug 14, 2018",52.54,52.64,52.06,52.44,82992000
"Aug 13, 2018",52.33,52.74,51.92,52.22,103563600
"Aug 10, 2018",51.84,52.28,51.67,51.88,98444800
"Aug 9, 2018",52.38,52.44,51.8,52.22,93970400
"Aug 8, 2018",51.51,51.95,51.13,51.81,90102000
"Aug 7, 2018",52.33,52.38,51.69,51.78,102349600
"Aug 6, 2018",52.0,52.31,51.77,52.27,101701600
"Aug 3, 2018",51.76,52.19,51.37,52.0,133789600
"Aug 2, 2018",50.15,52.1,50.09,51.85,249616000
"Aug 1, 2018",49.78,50.44,49.33,50.38,271742800
"Jul 31, 2018",47.58,48.03,47.33,47.57,157492000
"Jul 30, 2018",47.97,48.05,47.27,47.48,84118000
"Jul 27, 2018",48.75,48.8,47.53,47.74,96096000
"Jul 26, 2018",48.65,48.99,48.4,48.55,76304000
"Jul 25, 2018",48.26,48.71,48.11,48.71,66839600
"Jul 24, 2018",48.11,48.42,48.01,48.25,74791600
"Jul 23, 2018",47.67,47.99,47.39,47.9,63957600
"Jul 20, 2018",47.94,48.11,47.54,47.86,82704800
"Jul 19, 2018",47.42,48.14,47.42,47.97,81147200
"Jul 18, 2018",47.94,47.95,47.48,47.6,65573600
"Jul 17, 2018",47.44,47.97,47.3,47.86,62138000
"Jul 16, 2018",47.88,48.16,47.6,47.73,60172400
"Jul 13, 2018",47.77,47.96,47.72,47.83,50055600
"Jul 12, 2018",47.38,47.85,47.33,47.76,72164400
"Jul 11, 2018",47.13,47.44,46.9,46.97,75326000
"Jul 10, 2018",47.68,47.82,47.54,47.59,63756400
"Jul 9, 2018",47.38,47.67,47.33,47.65,79026400
"Jul 6, 2018",46.35,47.11,46.3,46.99,69940800
"Jul 5, 2018",46.31,46.6,46.07,46.35,66416800
"Jul 3, 2018",46.95,46.99,45.88,45.98,55819200
"Jul 2, 2018",45.96,46.83,45.85,46.79,70925200
"Jun 29, 2018",46.57,46.8,45.73,46.28,90950800
"Jun 28, 2018",46.03,46.55,45.95,46.38,69460800
"Jun 27, 2018",46.31,46.82,46.01,46.04,101141200
"Jun 26, 2018",45.75,46.63,45.63,46.11,98276800
"Jun 25, 2018",45.85,46.23,45.18,45.54,126652400
"Jun 22, 2018",46.53,46.54,46.17,46.23,108801600
"Jun 21, 2018",46.81,47.09,46.24,46.37,102847600
"Jun 20, 2018",46.59,46.8,46.43,46.63,82514800
"Jun 19, 2018",46.28,46.58,45.86,46.42,134314000
"Jun 18, 2018",46.97,47.31,46.8,47.19,73939600
"Jun 15, 2018",47.51,47.54,47.06,47.21,246876800
"Jun 14, 2018",47.89,47.89,47.56,47.7,86440400
"Jun 13, 2018",48.1,48.22,47.61,47.67,86553600
"Jun 12, 2018",47.85,48.15,47.79,48.07,67644400
"Jun 11, 2018",47.84,47.99,47.55,47.81,73234000
"Jun 8, 2018",47.79,48.0,47.44,47.92,106627200
"Jun 7, 2018",48.53,48.55,48.08,48.37,85388800
"Jun 6, 2018",48.41,48.52,47.98,48.49,83734400
"Jun 5, 2018",48.27,48.49,48.09,48.33,86264000
"Jun 4, 2018",47.91,48.35,47.84,47.96,105064800
"Jun 1, 2018",47.0,47.56,46.94,47.56,93770000
"May 31, 2018",46.81,47.06,46.53,46.72,109931200
"May 30, 2018",46.93,47.0,46.69,46.88,74762000
"May 29, 2018",46.9,47.19,46.72,46.97,90056400
"May 25, 2018",47.06,47.41,46.91,47.15,69844000
"May 24, 2018",47.19,47.21,46.55,47.04,92936000
"May 23, 2018",46.59,47.13,46.44,47.09,80233600
"May 22, 2018",47.1,47.22,46.69,46.79,60962800
"May 21, 2018",47.0,47.32,46.73,46.91,73603200
"May 18, 2018",46.8,46.95,46.53,46.58,73190800
"May 17, 2018",47.0,47.23,46.59,46.75,69176000
"May 16, 2018",46.52,47.12,46.5,47.04,76732400
"May 15, 2018",46.69,46.77,46.28,46.61,94780800
"May 14, 2018",47.25,47.38,46.97,47.04,83115200
"May 11, 2018",47.37,47.51,46.86,47.15,104848800
"May 10, 2018",46.94,47.59,46.91,47.51,111957200
"May 9, 2018",46.64,46.85,46.31,46.84,92844800
"May 8, 2018",46.25,46.56,45.92,46.51,113611200
"May 7, 2018",46.29,46.92,46.19,46.29,169805600
"May 4, 2018",44.56,46.06,44.54,45.96,224805200
"May 3, 2018",43.97,44.38,43.61,44.22,136272800
"May 2, 2018",43.81,44.44,43.45,44.14,266157600
"May 1, 2018",41.6,42.3,41.32,42.28,214277600
"Apr 30, 2018",40.53,41.81,40.46,41.31,169709600
"Apr 27, 2018",41.0,41.08,40.16,40.58,142623200
"Apr 26, 2018",41.03,41.43,40.84,41.06,111852000
"Apr 25, 2018",40.65,41.35,40.6,40.91,113528400
"Apr 24, 2018",41.42,41.58,40.31,40.74,134768000
"Apr 23, 2018",41.71,41.73,41.02,41.31,146062000
"Apr 20, 2018",42.65,42.81,41.36,41.43,261964400
"Apr 19, 2018",43.44,43.85,43.17,43.2,139235200
"Apr 18, 2018",44.45,44.71,44.22,44.46,83018000
"Apr 17, 2018",44.12,44.74,44.1,44.56,106421600
"Apr 16, 2018",43.76,44.05,43.71,43.96,86313600
"Apr 13, 2018",43.69,43.96,43.46,43.68,100497200
"Apr 12, 2018",43.35,43.75,43.26,43.53,91557200
"Apr 11, 2018",43.06,43.48,42.92,43.11,89726400
"Apr 10, 2018",43.25,43.5,42.88,43.31,113634400
"Apr 9, 2018",42.47,43.27,42.46,42.51,116070800
"Apr 6, 2018",42.74,43.12,42.05,42.1,140021200
"Apr 5, 2018",43.15,43.56,43.02,43.2,107732800
"Apr 4, 2018",41.22,43.0,41.19,42.9,138422000
"Apr 3, 2018",41.91,42.19,41.22,42.1,121112000
"Apr 2, 2018",41.66,42.24,41.12,41.67,150347200
"Mar 29, 2018",41.95,42.94,41.72,41.94,153594000
"Mar 28, 2018",41.81,42.51,41.3,41.62,166674000
"Mar 27, 2018",43.42,43.79,41.73,42.08,163690400
"Mar 26, 2018",42.02,43.28,41.61,43.19,150164800
"Mar 23, 2018",42.1,42.48,41.24,41.24,164115200
"Mar 22, 2018",42.5,43.17,42.15,42.21,165963200
"Mar 21, 2018",43.76,43.77,42.81,42.82,148219600
"Mar 20, 2018",43.81,44.2,43.74,43.81,78597600
"Mar 19, 2018",44.33,44.37,43.42,43.83,133787200
"Mar 16, 2018",44.66,44.78,44.4,44.51,157618800
"Mar 15, 2018",44.63,45.06,44.52,44.66,90975200
"Mar 14, 2018",45.08,45.13,44.45,44.61,117473600
"Mar 13, 2018",45.65,45.88,44.81,44.99,126774000
"Mar 12, 2018",45.07,45.6,45.05,45.43,128828400
"Mar 9, 2018",44.49,45.0,44.35,44.99,128740800
"Mar 8, 2018",43.87,44.28,43.77,44.24,95096400
"Mar 7, 2018",43.74,43.96,43.57,43.76,126814000
"Mar 6, 2018",44.48,44.56,44.03,44.17,95154000
"Mar 5, 2018",43.8,44.44,43.63,44.21,113605600
"Mar 2, 2018",43.2,44.08,43.11,44.05,153816000
"Mar 1, 2018",44.63,44.94,43.17,43.75,195208000
"Feb 28, 2018",44.81,45.15,44.51,44.53,151128400
"Feb 27, 2018",44.78,45.12,44.54,44.6,155712400
"Feb 26, 2018",44.09,44.85,44.05,44.74,152648800
"Feb 23, 2018",43.42,43.91,43.38,43.88,135249600
"Feb 22, 2018",42.95,43.49,42.93,43.13,123967600
"Feb 21, 2018",43.21,43.53,42.75,42.77,149886400
"Feb 20, 2018",43.01,43.56,42.85,42.96,135722000
"Feb 16, 2018",43.09,43.71,42.94,43.11,160704400
"Feb 15, 2018",42.45,43.27,42.25,43.25,204588800
"Feb 14, 2018",40.76,41.88,40.72,41.84,162579600
"Feb 13, 2018",40.49,41.19,40.41,41.08,130196800
"Feb 12, 2018",39.63,40.97,39.38,40.68,243278000
"Feb 9, 2018",39.27,39.47,37.56,39.1,282690400
"Feb 8, 2018",40.07,40.25,38.76,38.79,217562000
"Feb 7, 2018",40.77,40.85,39.77,39.88,206434400
"Feb 6, 2018",38.71,40.93,38.5,40.76,272975200
"Feb 5, 2018",39.78,40.97,39.0,39.12,290954000
"Feb 2, 2018",41.5,41.7,40.03,40.13,346375200
"Feb 1, 2018",41.79,42.15,41.69,41.94,188923200
"Jan 31, 2018",41.72,42.11,41.63,41.86,129915600
"Jan 30, 2018",41.38,41.84,41.17,41.74,184192800
"Jan 29, 2018",42.54,42.54,41.77,41.99,202561600
"Jan 26, 2018",43.0,43.0,42.51,42.88,156572000
"Jan 25, 2018",43.63,43.74,42.63,42.78,166116000
"Jan 24, 2018",44.31,44.33,43.3,43.56,204420400
"Jan 23, 2018",44.33,44.86,44.21,44.26,130756400
"Jan 22, 2018",44.33,44.44,44.15,44.25,108434400
"Jan 19, 2018",44.65,44.9,44.35,44.62,129700400
"Jan 18, 2018",44.84,45.03,44.56,44.81,124773600
"Jan 17, 2018",44.04,44.81,43.77,44.78,137547200
"Jan 16, 2018",44.47,44.85,44.03,44.05,118263600
"Jan 12, 2018",44.04,44.34,43.91,44.27,101672400
"Jan 11, 2018",43.65,43.87,43.62,43.82,74670800
"Jan 10, 2018",43.29,43.58,43.25,43.57,95839600
"Jan 9, 2018",43.64,43.76,43.35,43.58,86336000
"Jan 8, 2018",43.59,43.9,43.48,43.59,82271200
"Jan 5, 2018",43.36,43.84,43.26,43.75,94640000
"Jan 4, 2018",43.13,43.37,43.02,43.26,89738400
"Jan 3, 2018",43.13,43.64,42.99,43.06,118071600
"Jan 2, 2018",42.54,43.08,42.31,43.06,102223600
"Dec 29, 2017",42.63,42.65,42.31,42.31,103999600
"Dec 28, 2017",42.75,42.96,42.62,42.77,65920800
"Dec 27, 2017",42.53,42.69,42.43,42.65,85992800
"Dec 26, 2017",42.7,42.87,42.42,42.64,132742000
"Dec 22, 2017",43.67,43.85,43.63,43.75,65397600
"Dec 21, 2017",43.54,44.01,43.53,43.75,83799600
"Dec 20, 2017",43.72,43.85,43.31,43.59,93902400
"Dec 19, 2017",43.76,43.85,43.52,43.63,109745600
"Dec 18, 2017",43.72,44.3,43.72,44.1,117684400
"Dec 15, 2017",43.41,43.54,43.12,43.49,160677200
"Dec 14, 2017",43.1,43.28,42.91,43.06,81906000
"Dec 13, 2017",43.13,43.38,43.0,43.07,95273600
"Dec 12, 2017",43.04,43.1,42.87,42.92,77636800
"Dec 11, 2017",42.3,43.22,42.2,43.17,141095200
"Dec 8, 2017",42.62,42.75,42.21,42.34,93420800
"Dec 7, 2017",42.26,42.61,42.23,42.33,102693200
"Dec 6, 2017",41.88,42.55,41.62,42.25,114240000
"Dec 5, 2017",42.26,42.88,42.1,42.41,109400800
"Dec 4, 2017",43.12,43.15,42.41,42.45,130169600
"Dec 1, 2017",42.49,42.92,42.13,42.76,159037200
"Nov 30, 2017",42.61,43.03,42.11,42.96,166108800
"Nov 29, 2017",43.16,43.23,41.79,42.37,166665600
"Nov 28, 2017",43.58,43.72,42.97,43.27,105715200
"Nov 27, 2017",43.76,43.77,43.33,43.52,82867200
"Nov 24, 2017",43.78,43.88,43.66,43.74,56106800
"Nov 22, 2017",43.34,43.75,43.26,43.74,102355600
"Nov 21, 2017",42.69,43.42,42.69,43.28,100525200
"Nov 20, 2017",42.57,42.64,42.39,42.49,65049600
"Nov 17, 2017",42.76,42.85,42.41,42.54,87598000
"Nov 16, 2017",42.79,42.97,42.58,42.78,94550000
"Nov 15, 2017",42.49,42.58,42.1,42.27,116632400
"Nov 14, 2017",43.26,43.37,42.79,42.83,99130000
"Nov 13, 2017",43.38,43.63,43.35,43.49,67928400
"Nov 10, 2017",43.78,43.85,43.57,43.67,100582000
"Nov 9, 2017",43.78,44.03,43.28,43.97,117930400
"Nov 8, 2017",43.67,44.06,43.58,44.06,97638000
"Nov 7, 2017",43.48,43.81,43.4,43.7,97446000
"Nov 6, 2017",43.09,43.75,42.93,43.56,140105200
"Nov 3, 2017",43.5,43.56,42.78,43.13,237594400
"Nov 2, 2017",41.65,42.13,41.32,42.03,165573600
"Nov 1, 2017",42.47,42.49,41.4,41.72,134551200
"Oct 31, 2017",41.97,42.41,41.74,42.26,144187200
"Oct 30, 2017",40.97,42.02,40.93,41.68,178803200
"Oct 27, 2017",39.82,40.9,39.67,40.76,177816800
"Oct 26, 2017",39.31,39.46,39.19,39.35,68002000
"Oct 25, 2017",39.23,39.39,38.82,39.1,84828400
"Oct 24, 2017",39.07,39.35,39.05,39.28,71028800
"Oct 23, 2017",39.22,39.42,38.88,39.04,87937200
"Oct 20, 2017",39.15,39.44,38.99,39.06,95896400
"Oct 19, 2017",39.19,39.27,38.76,38.99,170336800
"Oct 18, 2017",40.1,40.18,39.9,39.94,65496800
"Oct 17, 2017",39.94,40.22,39.81,40.12,75989200
"Oct 16, 2017",39.47,40.0,39.41,39.97,96486000
"Oct 13, 2017",39.18,39.32,39.1,39.25,65576800
"Oct 12, 2017",39.09,39.34,38.93,39.0,64500400
"Oct 11, 2017",38.99,39.24,38.94,39.14,67622400
"Oct 10, 2017",39.01,39.5,38.78,38.97,62468000
"Oct 9, 2017",38.95,39.18,38.87,38.96,65051600
"Oct 6, 2017",38.74,38.87,38.64,38.83,69630400
"Oct 5, 2017",38.54,38.86,38.51,38.85,85135200
"Oct 4, 2017",38.41,38.47,38.12,38.37,80655200
"Oct 3, 2017",38.5,38.77,38.48,38.62,64921200
"Oct 2, 2017",38.56,38.61,38.18,38.45,74795200
"Sep 29, 2017",38.3,38.53,38.0,38.53,105199200
"Sep 28, 2017",38.47,38.57,38.17,38.32,88022000
"Sep 27, 2017",38.45,38.68,38.38,38.56,102016800
"Sep 26, 2017",37.94,38.48,37.92,38.28,146640000
"Sep 25, 2017",37.5,37.96,37.29,37.64,177549200
"Sep 22, 2017",37.88,38.07,37.64,37.97,186581600
"Sep 21, 2017",38.95,38.95,38.19,38.35,150046800
"Sep 20, 2017",39.47,39.56,38.46,39.02,211805600
"Sep 19, 2017",39.88,39.94,39.61,39.68,83242400
"Sep 18, 2017",40.03,40.13,39.5,39.67,113077600
"Sep 15, 2017",39.62,40.24,39.5,39.97,196458400
"Sep 14, 2017",39.75,39.85,39.52,39.57,95042800
"Sep 13, 2017",39.97,39.99,39.48,39.91,179629600
"Sep 12, 2017",40.65,40.99,39.69,40.22,286856000
"Sep 11, 2017",40.13,40.51,39.97,40.38,126323200
"Sep 8, 2017",40.22,40.29,39.63,39.66,114446000
"Sep 7, 2017",40.52,40.56,40.09,40.31,87714000
"Sep 6, 2017",40.68,40.75,40.13,40.48,86606800
"Sep 5, 2017",40.94,41.06,40.14,40.52,117874000
"Sep 1, 2017",41.2,41.24,40.91,41.01,66364400
"Aug 31, 2017",40.91,41.13,40.87,41.0,107140400
"Aug 30, 2017",40.95,40.97,40.65,40.84,109078400
"Aug 29, 2017",40.03,40.78,40.0,40.73,118067600
"Aug 28, 2017",40.03,40.5,39.98,40.37,103864000
"Aug 25, 2017",39.91,40.14,39.82,39.97,101920400
"Aug 24, 2017",40.11,40.19,39.64,39.82,79275600
"Aug 23, 2017",39.77,40.12,39.72,39.99,77596400
"Aug 22, 2017",39.56,40.0,39.51,39.94,86418400
"Aug 21, 2017",39.38,39.47,38.78,39.3,105474000
"Aug 18, 2017",39.47,39.88,39.18,39.38,109712400
"Aug 17, 2017",40.13,40.18,39.46,39.47,111762400
"Aug 16, 2017",40.49,40.63,40.04,40.24,110686400
"Aug 15, 2017",40.17,40.55,40.03,40.4,117862000
"Aug 14, 2017",39.83,40.05,39.69,39.96,88490800
"Aug 11, 2017",39.15,39.64,39.02,39.37,105028400
"Aug 10, 2017",39.97,40.0,38.66,38.83,163217200
"Aug 9, 2017",39.81,40.32,39.78,40.26,104526000
"Aug 8, 2017",39.65,40.46,39.57,40.02,144823600
"Aug 7, 2017",39.26,39.73,39.17,39.7,87481200
"Aug 4, 2017",39.02,39.35,38.92,39.1,82239600
"Aug 3, 2017",39.26,39.3,38.76,38.89,108389200
"Aug 2, 2017",39.82,39.94,39.04,39.28,279747200
"Aug 1, 2017",37.28,37.56,37.1,37.51,141474400
"Jul 31, 2017",37.47,37.58,37.03,37.18,79383600
"Jul 28, 2017",37.47,37.56,37.3,37.38,68854800
"Jul 27, 2017",38.44,38.5,36.83,37.64,129905200
"Jul 26, 2017",38.34,38.48,38.26,38.37,63124000
"Jul 25, 2017",37.95,38.46,37.95,38.19,75415600
"Jul 24, 2017",37.65,38.11,37.47,38.02,85972800
"Jul 21, 2017",37.5,37.61,37.22,37.57,105010400
"Jul 20, 2017",37.88,37.94,37.55,37.58,68974800
"Jul 19, 2017",37.62,37.85,37.49,37.76,83692000
"Jul 18, 2017",37.3,37.53,37.17,37.52,71475200
"Jul 17, 2017",37.21,37.72,37.14,37.39,95174000
"Jul 14, 2017",36.99,37.33,36.83,37.26,80528400
"Jul 13, 2017",36.38,37.12,36.36,36.94,100797600
"Jul 12, 2017",36.47,36.54,36.21,36.44,99538000
"Jul 11, 2017",36.18,36.46,36.1,36.38,79127200
"Jul 10, 2017",36.03,36.49,35.84,36.26,84362400
"Jul 7, 2017",35.72,36.19,35.72,36.04,76806800
"Jul 6, 2017",35.76,35.88,35.6,35.68,96515200
"Jul 5, 2017",35.92,36.2,35.68,36.02,86278400
"Jul 3, 2017",36.22,36.33,35.78,35.88,57111200
"Jun 30, 2017",36.11,36.24,35.94,36.01,92096400
"Jun 29, 2017",36.18,36.28,35.57,35.92,125997600
"Jun 28, 2017",36.12,36.53,35.79,36.46,88329600
"Jun 27, 2017",36.25,36.54,35.9,35.93,99047600
"Jun 26, 2017",36.79,37.07,36.35,36.46,102769600
"Jun 23, 2017",36.28,36.79,36.28,36.57,141757600
"Jun 22, 2017",36.44,36.67,36.28,36.41,76425200
"Jun 21, 2017",36.38,36.52,36.15,36.47,85063200
"Jun 20, 2017",36.72,36.72,36.24,36.25,99600400
"Jun 19, 2017",35.92,36.69,35.92,36.58,130165600
"Jun 16, 2017",35.94,36.13,35.55,35.57,201444400
"Jun 15, 2017",35.83,36.12,35.55,36.07,128661600
"Jun 14, 2017",36.88,36.88,35.96,36.29,126124800
"Jun 13, 2017",36.79,36.86,36.29,36.65,136661600
"Jun 12, 2017",36.44,36.52,35.63,36.35,289229200
"Jun 9, 2017",38.8,38.8,36.51,37.24,259530800
"Jun 8, 2017",38.81,38.88,38.6,38.75,85003200
"Jun 7, 2017",38.76,38.99,38.62,38.84,84278400
"Jun 6, 2017",38.47,38.95,38.44,38.61,106499600
"Jun 5, 2017",38.58,38.61,38.37,38.48,101326800
"Jun 2, 2017",38.4,38.86,38.22,38.86,111082800
"Jun 1, 2017",38.29,38.33,38.06,38.29,65616400
"May 31, 2017",38.49,38.54,38.1,38.19,97804800
"May 30, 2017",38.35,38.61,38.33,38.42,80507600
"May 26, 2017",38.5,38.56,38.33,38.4,87710400
"May 25, 2017",38.43,38.59,38.26,38.47,76942400
"May 24, 2017",38.46,38.54,38.17,38.33,76712000
"May 23, 2017",38.72,38.72,38.33,38.45,79675600
"May 22, 2017",38.5,38.65,38.23,38.5,91865600
"May 19, 2017",38.35,38.49,38.16,38.26,107843200
"May 18, 2017",37.82,38.33,37.78,38.13,134272800
"May 17, 2017",38.4,38.64,37.43,37.56,203070800
"May 16, 2017",38.99,39.01,38.68,38.87,80194000
"May 15, 2017",39.0,39.16,38.76,38.92,104038800
"May 12, 2017",38.67,39.1,38.67,39.03,130108000
"May 11, 2017",38.11,38.52,38.08,38.49,109020400
"May 10, 2017",38.41,38.49,38.03,38.31,103222800
"May 9, 2017",38.47,38.72,38.36,38.5,156521600
"May 8, 2017",37.26,38.42,37.26,38.25,195009600
"May 5, 2017",36.69,37.24,36.69,37.24,109310800
"May 4, 2017",36.63,36.78,36.45,36.63,93487600
"May 3, 2017",36.4,36.87,36.07,36.76,182788000
"May 2, 2017",36.88,37.02,36.71,36.88,181408800
"May 1, 2017",36.28,36.8,36.24,36.65,134411600
"Apr 28, 2017",36.02,36.08,35.82,35.91,83441600
"Apr 27, 2017",35.98,36.04,35.83,35.95,56985200
"Apr 26, 2017",36.12,36.15,35.85,35.92,80164800
"Apr 25, 2017",35.98,36.22,35.97,36.13,75486000
"Apr 24, 2017",35.88,35.99,35.79,35.91,68537200
"Apr 21, 2017",35.61,35.67,35.46,35.57,69283600
"Apr 20, 2017",35.31,35.73,35.29,35.61,93278400
"Apr 19, 2017",35.47,35.5,35.11,35.17,69313600
"Apr 18, 2017",35.35,35.51,35.28,35.3,58790000
"Apr 17, 2017",35.37,35.47,35.22,35.46,66328400
"Apr 13, 2017",35.48,35.6,35.26,35.26,71291600
"Apr 12, 2017",35.4,35.54,35.25,35.45,81400000
"Apr 11, 2017",35.74,35.84,35.01,35.41,121517600
"Apr 10, 2017",35.9,35.97,35.72,35.79,75733600
"Apr 7, 2017",35.93,36.04,35.82,35.83,66688800
"Apr 6, 2017",36.07,36.13,35.86,35.92,84596000
"Apr 5, 2017",36.06,36.37,35.95,36.01,110871600
"Apr 4, 2017",35.81,36.22,35.79,36.19,79565600
"Apr 3, 2017",35.93,36.03,35.76,35.92,79942800
"Mar 31, 2017",35.93,36.07,35.75,35.92,78646800
"Mar 30, 2017",36.05,36.13,35.88,35.98,84829200
"Mar 29, 2017",35.92,36.12,35.8,36.03,116760000
"Mar 28, 2017",35.23,36.01,35.15,35.95,133499200
"Mar 27, 2017",34.85,35.31,34.65,35.22,94300400
"Mar 24, 2017",35.38,35.44,35.09,35.16,89582400
"Mar 23, 2017",35.31,35.4,35.15,35.23,81385200
"Mar 22, 2017",34.96,35.4,34.94,35.35,103440800
"Mar 21, 2017",35.53,35.7,34.93,34.96,158119600
"Mar 20, 2017",35.1,35.38,35.06,35.37,86168000
"Mar 17, 2017",35.25,35.25,34.97,35.0,175540000
"Mar 16, 2017",35.18,35.26,35.06,35.17,76928000
"Mar 15, 2017",34.85,35.19,34.76,35.12,102767200
"Mar 14, 2017",34.83,34.91,34.71,34.75,61236400
"Mar 13, 2017",34.71,34.86,34.71,34.8,69686800
"Mar 10, 2017",34.81,34.84,34.66,34.78,78451200
"Mar 9, 2017",34.69,34.7,34.26,34.67,88623600
"Mar 8, 2017",34.74,34.95,34.71,34.75,74828800
"Mar 7, 2017",34.76,34.99,34.7,34.88,69785200
"Mar 6, 2017",34.84,34.94,34.65,34.83,87000000
"Mar 3, 2017",34.69,34.96,34.65,34.94,84432400
"Mar 2, 2017",35.0,35.07,34.69,34.74,104844000
"Mar 1, 2017",34.47,35.04,34.4,34.95,145658400
"Feb 28, 2017",34.27,34.36,34.17,34.25,93931600
"Feb 27, 2017",34.28,34.36,34.07,34.23,81029600
"Feb 24, 2017",33.98,34.17,33.82,34.17,87106400
"Feb 23, 2017",34.35,34.37,34.08,34.13,83152800
"Feb 22, 2017",34.11,34.28,34.03,34.28,83347600
"Feb 21, 2017",34.06,34.19,33.99,34.17,98028800
"Feb 17, 2017",33.78,33.96,33.78,33.93,88792800
"Feb 16, 2017",33.92,33.97,33.71,33.84,90338400
"Feb 15, 2017",33.88,34.07,33.65,33.88,142492400
"Feb 14, 2017",33.37,33.77,33.31,33.76,132904800
"Feb 13, 2017",33.27,33.46,33.19,33.32,92141600
"Feb 10, 2017",33.12,33.24,33.01,33.03,80262000
"Feb 9, 2017",32.91,33.11,32.78,33.1,113399600
"Feb 8, 2017",32.84,33.06,32.81,33.01,92016400
"Feb 7, 2017",32.63,33.02,32.61,32.88,152735200
"Feb 6, 2017",32.28,32.63,32.22,32.57,107383600
"Feb 3, 2017",32.08,32.3,32.04,32.27,98029200
"Feb 2, 2017",32.0,32.35,31.94,32.13,134841600
"Feb 1, 2017",31.76,32.62,31.75,32.19,447940000
"Jan 31, 2017",30.29,30.35,30.16,30.34,196804000
"Jan 30, 2017",30.23,30.41,30.17,30.41,121510000
"Jan 27, 2017",30.53,30.59,30.4,30.49,82251600
"Jan 26, 2017",30.42,30.61,30.4,30.49,105350400
"Jan 25, 2017",30.1,30.52,30.07,30.47,129510400
"Jan 24, 2017",29.89,30.02,29.88,29.99,92844000
"Jan 23, 2017",30.0,30.2,29.94,30.02,88200800
"Jan 20, 2017",30.11,30.11,29.93,30.0,130391600
"Jan 19, 2017",29.85,30.02,29.84,29.94,102389200
"Jan 18, 2017",30.0,30.13,29.93,30.0,94852000
"Jan 17, 2017",29.58,30.06,29.56,30.0,137759200
"Jan 13, 2017",29.78,29.91,29.7,29.76,104447600
"Jan 12, 2017",29.73,29.83,29.55,29.81,108344800
"Jan 11, 2017",29.68,29.98,29.65,29.94,110354400
"Jan 10, 2017",29.69,29.84,29.58,29.78,97848400
"Jan 9, 2017",29.49,29.86,29.49,29.75,134247600
"Jan 6, 2017",29.19,29.54,29.12,29.48,127007600
"Jan 5, 2017",28.98,29.22,28.95,29.15,88774400
"Jan 4, 2017",28.96,29.13,28.94,29.0,84472400
"Jan 3, 2017",28.95,29.08,28.69,29.04,115127600
"Dec 30, 2016",29.16,29.3,28.86,28.95,122345200
"Dec 29, 2016",29.11,29.28,29.1,29.18,60158000
"Dec 28, 2016",29.38,29.5,29.05,29.19,83623600
"Dec 27, 2016",29.13,29.45,29.12,29.32,73187600
"Dec 23, 2016",28.9,29.13,28.9,29.13,56998000
"Dec 22, 2016",29.09,29.13,28.91,29.07,104343600
"Dec 21, 2016",29.2,29.35,29.19,29.26,95132800
"Dec 20, 2016",29.18,29.38,29.17,29.24,85700000
"Dec 19, 2016",28.95,29.34,28.94,29.16,111117600
"Dec 16, 2016",29.12,29.13,28.91,28.99,177404400
"Dec 15, 2016",28.84,29.18,28.81,28.95,186098000
"Dec 14, 2016",28.76,29.05,28.75,28.8,136127200
"Dec 13, 2016",28.46,28.98,28.44,28.8,174935200
"Dec 12, 2016",28.32,28.75,28.12,28.33,105497600
"Dec 9, 2016",28.08,28.67,28.08,28.49,137610400
"Dec 8, 2016",27.72,28.11,27.65,28.03,108273200
"Dec 7, 2016",27.32,27.8,27.29,27.76,119994800
"Dec 6, 2016",27.38,27.59,27.3,27.49,104782000
"Dec 5, 2016",27.5,27.51,27.06,27.28,137298000
"Dec 2, 2016",27.29,27.52,27.21,27.48,106112000
"Dec 1, 2016",27.59,27.74,27.26,27.37,148347600
"Nov 30, 2016",27.9,28.05,27.57,27.63,144649200
"Nov 29, 2016",27.69,28.01,27.52,27.86,114115200
"Nov 28, 2016",27.86,28.12,27.85,27.89,108776000
"Nov 25, 2016",27.78,27.97,27.74,27.95,45903600
"Nov 23, 2016",27.84,27.88,27.58,27.81,109705600
"Nov 22, 2016",27.99,28.1,27.85,27.95,103862000
"Nov 21, 2016",27.53,28.0,27.5,27.93,117058400
"Nov 18, 2016",27.43,27.64,27.42,27.51,113715600
"Nov 17, 2016",27.45,27.59,27.21,27.49,110528000
"Nov 16, 2016",26.67,27.56,26.65,27.5,235362000
"Nov 15, 2016",26.64,26.92,26.54,26.78,129058000
"Nov 14, 2016",26.93,26.95,26.02,26.43,204702000
"Nov 11, 2016",26.78,27.22,26.64,27.11,136575600
"Nov 10, 2016",27.77,27.77,26.46,26.95,228538000
"Nov 9, 2016",27.47,27.83,27.01,27.72,236705600
"Nov 8, 2016",27.58,27.93,27.42,27.76,97016800
"Nov 7, 2016",27.52,27.63,27.36,27.6,130240000
"Nov 4, 2016",27.13,27.56,27.03,27.21,123348000
"Nov 3, 2016",27.75,27.86,27.39,27.46,107730400
"Nov 2, 2016",27.85,28.09,27.81,27.9,113326800
"Nov 1, 2016",28.36,28.44,27.63,27.87,175303200
"Oct 31, 2016",28.41,28.56,28.3,28.39,105677600
"Oct 28, 2016",28.47,28.8,28.36,28.43,151446800
"Oct 27, 2016",28.85,28.97,28.52,28.62,138248000
"Oct 26, 2016",28.58,28.92,28.33,28.9,264536800
"Oct 25, 2016",29.49,29.59,29.33,29.56,192516000
"Oct 24, 2016",29.27,29.43,29.25,29.41,94154800
"Oct 21, 2016",29.2,29.23,29.07,29.15,92770800
"Oct 20, 2016",29.22,29.34,29.08,29.26,96503200
"Oct 19, 2016",29.31,29.44,28.45,29.28,80138400
"Oct 18, 2016",29.55,29.55,29.36,29.37,98214000
"Oct 17, 2016",29.33,29.46,29.19,29.39,94499600
"Oct 14, 2016",29.47,29.54,29.28,29.41,142608800
"Oct 13, 2016",29.2,29.36,28.93,29.25,140769600
"Oct 12, 2016",29.34,29.5,29.19,29.33,150347200
"Oct 11, 2016",29.42,29.67,29.05,29.08,256164000
"Oct 10, 2016",28.75,29.19,28.68,29.01,144944000
"Oct 7, 2016",28.58,28.64,28.38,28.51,97433600
"Oct 6, 2016",28.42,28.58,28.28,28.47,115117200
"Oct 5, 2016",28.35,28.42,28.17,28.26,85812400
"Oct 4, 2016",28.26,28.58,28.16,28.25,118947200
"Oct 3, 2016",28.18,28.26,28.07,28.13,86807200
"Sep 30, 2016",28.11,28.34,27.95,28.26,145516400
"Sep 29, 2016",28.29,28.45,27.95,28.05,143548000
"Sep 28, 2016",28.42,28.66,28.36,28.49,118564400
"Sep 27, 2016",28.25,28.3,28.08,28.27,98429600
"Sep 26, 2016",27.91,28.35,27.89,28.22,119477600
"Sep 23, 2016",28.6,28.7,27.89,28.18,209924800
"Sep 22, 2016",28.59,28.74,28.5,28.66,124296000
"Sep 21, 2016",28.46,28.5,28.11,28.39,144012800
"Sep 20, 2016",28.26,28.53,28.13,28.39,138057200
"Sep 19, 2016",28.8,29.05,28.31,28.4,188092000
"Sep 16, 2016",28.78,29.03,28.51,28.73,319547600
"Sep 15, 2016",28.47,28.93,28.37,28.89,359934400
"Sep 14, 2016",27.18,28.26,27.15,27.94,443554800
"Sep 13, 2016",26.88,27.2,26.81,26.99,248704800
"Sep 12, 2016",25.66,26.43,25.63,26.36,181171200
"Sep 9, 2016",26.16,26.43,25.78,25.78,186228000
"Sep 8, 2016",26.81,26.82,26.31,26.38,212008000
"Sep 7, 2016",26.96,27.19,26.77,27.09,169457200
"Sep 6, 2016",26.98,27.08,26.88,26.92,107521600
"Sep 2, 2016",26.92,27.0,26.7,26.93,107210000
"Sep 1, 2016",26.53,26.7,26.41,26.68,106806000
"Aug 31, 2016",26.42,26.64,26.41,26.52,118649600
"Aug 30, 2016",26.45,26.63,26.38,26.5,99455600
"Aug 29, 2016",26.66,26.86,26.57,26.7,99881200
"Aug 26, 2016",26.85,26.99,26.58,26.74,111065200
"Aug 25, 2016",26.85,26.97,26.67,26.89,100344800
"Aug 24, 2016",27.14,27.19,26.92,27.01,94700400
"Aug 23, 2016",27.15,27.33,27.13,27.21,85030800
"Aug 22, 2016",27.22,27.27,26.96,27.13,103280800
"Aug 19, 2016",27.19,27.42,27.09,27.34,101472400
"Aug 18, 2016",27.31,27.4,27.25,27.27,87938800
"Aug 17, 2016",27.27,27.34,27.08,27.31,101424000
"Aug 16, 2016",27.41,27.56,27.3,27.34,135177600
"Aug 15, 2016",27.03,27.39,27.02,27.37,103472800
"Aug 12, 2016",26.94,27.11,26.94,27.05,74641600
"Aug 11, 2016",27.13,27.23,26.96,26.98,109938000
"Aug 10, 2016",27.18,27.23,26.94,27.0,96034000
"Aug 9, 2016",27.06,27.24,27.0,27.2,105260800
"Aug 8, 2016",26.88,27.09,26.79,27.09,112148800
"Aug 5, 2016",26.57,26.91,26.55,26.87,162213600
"Aug 4, 2016",26.4,26.5,26.32,26.47,109634800
"Aug 3, 2016",26.2,26.46,26.19,26.45,120810400
"Aug 2, 2016",26.51,26.52,26.0,26.12,135266400
"Aug 1, 2016",26.1,26.54,26.1,26.51,152671600
"Jul 29, 2016",26.05,26.14,25.92,26.05,110934800
"Jul 28, 2016",25.71,26.11,25.7,26.08,159479200
"Jul 27, 2016",26.07,26.09,25.69,25.74,369379200
"Jul 26, 2016",24.2,24.49,24.1,24.17,224959200
"Jul 25, 2016",24.56,24.71,24.23,24.33,161531600
"Jul 22, 2016",24.82,24.83,24.58,24.67,113254800
"Jul 21, 2016",24.96,25.25,24.78,24.86,130808000
"Jul 20, 2016",25.0,25.11,24.93,24.99,105104000
"Jul 19, 2016",24.89,25.0,24.83,24.97,95119600
"Jul 18, 2016",24.67,25.03,24.65,24.96,145975600
"Jul 15, 2016",24.73,24.83,24.63,24.69,120548000
"Jul 14, 2016",24.35,24.75,24.33,24.7,155676000
"Jul 13, 2016",24.35,24.42,24.21,24.22,103568800
"Jul 12, 2016",24.29,24.42,24.28,24.35,96670000
"Jul 11, 2016",24.19,24.41,24.18,24.25,95179600
"Jul 8, 2016",24.12,24.22,24.01,24.17,115648400
"Jul 7, 2016",23.92,24.13,23.91,23.99,100558400
"Jul 6, 2016",23.65,23.92,23.59,23.88,123796400
"Jul 5, 2016",23.85,23.85,23.61,23.75,110820800
"Jul 1, 2016",23.87,24.12,23.83,23.97,104106000
"Jun 30, 2016",23.61,23.94,23.58,23.9,143345600
"Jun 29, 2016",23.49,23.64,23.41,23.6,146124000
"Jun 28, 2016",23.23,23.42,23.03,23.4,161779600
"Jun 27, 2016",23.25,23.26,22.88,23.01,181958400
"Jun 24, 2016",23.23,23.67,23.16,23.35,301245600
"Jun 23, 2016",23.99,24.07,23.81,24.02,128960800
"Jun 22, 2016",24.06,24.22,23.84,23.89,116876400
"Jun 21, 2016",23.74,24.09,23.67,23.98,142185600
"Jun 20, 2016",24.0,24.14,23.76,23.77,137647600
"Jun 17, 2016",24.16,24.16,23.83,23.83,244032800
"Jun 16, 2016",24.11,24.44,24.02,24.39,125307200
"Jun 15, 2016",24.45,24.6,24.26,24.28,117780800
"Jun 14, 2016",24.33,24.62,24.19,24.36,127727600
"Jun 13, 2016",24.67,24.78,24.27,24.33,152082000
"Jun 10, 2016",24.63,24.84,24.62,24.71,126851600
"Jun 9, 2016",24.63,25.0,24.61,24.91,106405600
"Jun 8, 2016",24.75,24.89,24.67,24.74,83392400
"Jun 7, 2016",24.81,24.97,24.74,24.76,89638000
"Jun 6, 2016",24.5,25.47,24.39,24.66,93170000
"Jun 3, 2016",24.45,24.57,24.36,24.48,114019600
"Jun 2, 2016",24.4,24.46,24.16,24.43,160766400
"Jun 1, 2016",24.75,24.89,24.58,24.61,116693200
"May 31, 2016",24.9,25.1,24.7,24.97,169228800
"May 27, 2016",24.86,25.12,24.81,25.09,145364800
"May 26, 2016",24.92,25.18,24.66,25.1,225324800
"May 25, 2016",24.67,24.93,24.53,24.91,152675200
"May 24, 2016",24.31,24.52,24.21,24.48,140560800
"May 23, 2016",23.97,24.3,23.92,24.11,152074400
"May 20, 2016",23.66,23.86,23.63,23.81,128104000
"May 19, 2016",23.66,23.66,23.39,23.55,121768400
"May 18, 2016",23.54,23.8,23.47,23.64,168249600
"May 17, 2016",23.64,23.67,23.25,23.37,187667600
"May 16, 2016",23.1,23.6,22.91,23.47,245039200
"May 13, 2016",22.5,22.92,22.5,22.63,177571200
"May 12, 2016",23.18,23.19,22.37,22.58,305258800
"May 11, 2016",23.37,23.39,23.11,23.13,114876400
"May 10, 2016",23.33,23.39,23.03,23.35,134747200
"May 9, 2016",23.25,23.44,23.15,23.2,131745600
"May 6, 2016",23.34,23.36,22.96,23.18,174799600
"May 5, 2016",23.5,23.52,23.17,23.31,143562000
"May 4, 2016",23.8,23.98,23.45,23.55,164102000
"May 3, 2016",23.55,23.93,23.42,23.8,227325200
"May 2, 2016",23.49,23.52,23.1,23.41,192640400
"Apr 29, 2016",23.5,23.68,23.13,23.43,274126000
"Apr 28, 2016",24.4,24.47,23.56,23.71,328970800
"Apr 27, 2016",24.0,24.68,23.92,24.45,458408400
"Apr 26, 2016",25.98,26.33,25.98,26.09,224064800
"Apr 25, 2016",26.25,26.41,26.13,26.27,112126400
"Apr 22, 2016",26.25,26.62,26.16,26.42,134732400
"Apr 21, 2016",26.73,26.73,26.38,26.49,126210000
"Apr 20, 2016",26.66,27.02,26.51,26.78,122444000
"Apr 19, 2016",26.97,27.0,26.56,26.73,129539600
"Apr 18, 2016",27.22,27.24,26.74,26.87,243286000
"Apr 15, 2016",28.03,28.08,27.43,27.46,187756000
"Apr 14, 2016",27.91,28.1,27.83,28.02,101895600
"Apr 13, 2016",27.7,28.08,27.7,28.01,133029200
"Apr 12, 2016",27.33,27.63,27.17,27.61,108929200
"Apr 11, 2016",27.24,27.65,27.21,27.25,117630000
"Apr 8, 2016",27.23,27.44,27.04,27.17,94326800
"Apr 7, 2016",27.49,27.6,27.03,27.14,127207600
"Apr 6, 2016",27.56,27.75,27.3,27.74,105616400
"Apr 5, 2016",27.38,27.68,27.35,27.45,106314800
"Apr 4, 2016",27.6,28.05,27.57,27.78,149424800
"Apr 1, 2016",27.19,27.5,27.05,27.5,103496000
"Mar 31, 2016",27.43,27.48,27.22,27.25,103553600
"Mar 30, 2016",27.16,27.6,27.15,27.39,182404400
"Mar 29, 2016",26.22,26.95,26.22,26.92,124760400
"Mar 28, 2016",26.5,26.55,26.26,26.3,77645600
"Mar 24, 2016",26.37,26.56,26.22,26.42,104532000
"Mar 23, 2016",26.62,26.77,26.48,26.53,102814000
"Mar 22, 2016",26.31,26.82,26.3,26.68,129777600
"Mar 21, 2016",26.48,26.91,26.28,26.48,142010800
"Mar 18, 2016",26.58,26.63,26.3,26.48,176820800
"Mar 17, 2016",26.38,26.62,26.24,26.45,137682800
"Mar 16, 2016",26.15,26.58,26.15,26.49,153214000
"Mar 15, 2016",25.99,26.3,25.96,26.15,160270800
"Mar 14, 2016",25.48,25.73,25.44,25.63,100304400
"Mar 11, 2016",25.56,25.57,25.38,25.57,109632800
"Mar 10, 2016",25.35,25.56,25.04,25.29,134054400
"Mar 9, 2016",25.33,25.4,25.07,25.28,108806800
"Mar 8, 2016",25.19,25.44,25.1,25.26,126247600
"Mar 7, 2016",25.6,25.71,25.24,25.47,143315600
"Mar 4, 2016",25.59,25.94,25.34,25.75,184220400
"Mar 3, 2016",25.15,25.43,25.11,25.38,147822800
"Mar 2, 2016",25.13,25.22,24.91,25.19,132678400
"Mar 1, 2016",24.41,25.19,24.35,25.13,201628400
"Feb 29, 2016",24.22,24.56,24.16,24.17,140865200
"Feb 26, 2016",24.3,24.5,24.15,24.23,115964400
"Feb 25, 2016",24.01,24.19,23.81,24.19,110330800
"Feb 24, 2016",23.5,24.09,23.33,24.02,145022800
"Feb 23, 2016",24.1,24.13,23.64,23.67,127770400
"Feb 22, 2016",24.08,24.23,23.98,24.22,137123200
"Feb 19, 2016",24.0,24.19,23.95,24.01,141496800
"Feb 18, 2016",24.71,24.72,24.02,24.07,156084000
"Feb 17, 2016",24.17,24.55,24.04,24.53,179452800
"Feb 16, 2016",23.75,24.21,23.65,24.16,196231600
"Feb 12, 2016",23.55,23.63,23.25,23.5,161405600
"Feb 11, 2016",23.45,23.68,23.15,23.42,200298800
"Feb 10, 2016",23.98,24.09,23.52,23.57,169374400
"Feb 9, 2016",23.57,23.99,23.48,23.75,177324800
"Feb 8, 2016",23.28,23.92,23.26,23.75,216085600
"Feb 5, 2016",24.13,24.23,23.42,23.5,185672400
"Feb 4, 2016",23.97,24.33,23.8,24.15,185886800
"Feb 3, 2016",23.75,24.21,23.52,24.09,183857200
"Feb 2, 2016",23.85,24.01,23.57,23.62,149428800
"Feb 1, 2016",24.12,24.18,23.85,24.11,163774000
"Jan 29, 2016",23.7,24.33,23.59,24.33,257666000
"Jan 28, 2016",23.45,23.63,23.1,23.52,222715200
"Jan 27, 2016",24.01,24.16,23.33,23.35,533478800
"Jan 26, 2016",24.98,25.22,24.52,25.0,300308000
"Jan 25, 2016",25.38,25.38,24.8,24.86,207178000
"Jan 22, 2016",24.66,25.36,24.59,25.35,263202000
"Jan 21, 2016",24.26,24.47,23.74,24.08,208646000
"Jan 20, 2016",23.77,24.55,23.35,24.2,289337600
"Jan 19, 2016",24.6,24.66,23.88,24.17,212350800
"Jan 15, 2016",24.05,24.43,23.84,24.28,319335600
"Jan 14, 2016",24.49,25.12,23.93,24.88,252680400
"Jan 13, 2016",25.08,25.3,24.33,24.35,249758400
"Jan 12, 2016",25.14,25.17,24.71,24.99,196616800
"Jan 11, 2016",24.74,24.76,24.33,24.63,198957600
"Jan 8, 2016",24.64,24.78,24.19,24.24,283192000
"Jan 7, 2016",24.67,25.03,24.11,24.11,324377600
"Jan 6, 2016",25.14,25.59,24.97,25.17,273829600
"Jan 5, 2016",26.44,26.46,25.6,25.68,223164000
"Jan 4, 2016",25.65,26.34,25.5,26.34,270597600
"Dec 31, 2015",26.75,26.76,26.2,26.32,163649200
"Dec 30, 2015",27.15,27.17,26.8,26.83,100855200
"Dec 29, 2015",26.74,27.36,26.72,27.18,123724800
"Dec 28, 2015",26.9,26.92,26.55,26.7,106816800
"Dec 24, 2015",27.25,27.25,26.99,27.01,54281600
"Dec 23, 2015",26.82,27.21,26.8,27.15,130629600
"Dec 22, 2015",26.85,26.93,26.61,26.81,131157600
"Dec 21, 2015",26.82,26.84,26.39,26.83,190362400
"Dec 18, 2015",27.23,27.38,26.45,26.51,385813200
"Dec 17, 2015",28.0,28.06,27.25,27.25,179091200
"Dec 16, 2015",27.77,28.0,27.2,27.83,224954000
"Dec 15, 2015",27.99,28.2,27.59,27.62,213292400
"Dec 14, 2015",28.05,28.17,27.45,28.12,257274800
"Dec 11, 2015",28.8,28.85,28.21,28.3,187544800
"Dec 10, 2015",29.01,29.24,28.88,29.04,116850800
"Dec 9, 2015",29.41,29.42,28.77,28.91,185445600
"Dec 8, 2015",29.38,29.65,29.22,29.56,137238000
"Dec 7, 2015",29.75,29.97,29.45,29.57,128336800
"Dec 4, 2015",28.82,29.81,28.78,29.76,231108000
"Dec 3, 2015",29.14,29.2,28.56,28.8,166278000
"Dec 2, 2015",29.33,29.53,29.02,29.07,133546400
"Dec 1, 2015",29.69,29.7,29.22,29.33,139409600
"Nov 30, 2015",29.5,29.85,29.44,29.58,156721200
"Nov 27, 2015",29.57,29.6,29.4,29.45,52185600
"Nov 25, 2015",29.8,29.81,29.48,29.51,85553200
"Nov 24, 2015",29.33,29.84,29.28,29.72,171212800
"Nov 23, 2015",29.82,29.93,29.33,29.44,129930000
"Nov 20, 2015",29.8,29.98,29.71,29.83,137148400
"Nov 19, 2015",29.41,29.94,29.19,29.69,173183200
"Nov 18, 2015",28.94,29.37,28.88,29.32,186698800
"Nov 17, 2015",28.73,28.76,28.33,28.42,110467600
"Nov 16, 2015",27.84,28.56,27.75,28.55,152426800
"Nov 13, 2015",28.8,28.89,28.07,28.08,183249600
"Nov 12, 2015",29.07,29.2,28.91,28.93,130102400
"Nov 11, 2015",29.09,29.35,28.8,29.03,180872000
"Nov 10, 2015",29.23,29.52,29.01,29.19,236511600
"Nov 9, 2015",30.24,30.45,30.01,30.14,135485600
"Nov 6, 2015",30.28,30.45,30.16,30.26,132169200
"Nov 5, 2015",30.46,30.67,30.05,30.23,158210800
"Nov 4, 2015",30.78,30.95,30.41,30.5,179544400
"Nov 3, 2015",30.2,30.87,30.17,30.64,182076000
"Nov 2, 2015",30.2,30.34,29.9,30.3,128813200
"Oct 30, 2015",30.25,30.31,29.86,29.88,197461200
"Oct 29, 2015",29.67,30.17,29.57,30.13,204909200
"Oct 28, 2015",29.23,29.83,29.01,29.82,342205600
"Oct 27, 2015",28.85,29.14,28.5,28.64,279537600
"Oct 26, 2015",29.52,29.53,28.73,28.82,265335200
"Oct 23, 2015",29.17,29.81,29.08,29.77,237467600
"Oct 22, 2015",28.58,28.88,28.52,28.88,166616400
"Oct 21, 2015",28.5,28.9,28.42,28.44,167180800
"Oct 20, 2015",27.83,28.54,27.7,28.44,195871200
"Oct 19, 2015",27.7,27.94,27.53,27.93,119036800
"Oct 16, 2015",27.94,28.0,27.63,27.76,156930400
"Oct 15, 2015",27.73,28.02,27.62,27.97,150694000
"Oct 14, 2015",27.82,27.88,27.39,27.55,177849600
"Oct 13, 2015",27.7,28.11,27.67,27.95,132197200
"Oct 12, 2015",28.18,28.19,27.86,27.9,121868800
"Oct 9, 2015",27.5,28.07,27.37,28.03,211064400
"Oct 8, 2015",27.55,27.55,27.05,27.38,247918400
"Oct 7, 2015",27.93,27.94,27.35,27.69,187062400
"Oct 6, 2015",27.66,27.93,27.44,27.83,192787200
"Oct 5, 2015",27.47,27.84,27.27,27.69,208258800
"Oct 2, 2015",27.0,27.75,26.89,27.59,232079200
"Oct 1, 2015",27.27,27.41,26.83,27.4,255716400
"Sep 30, 2015",27.54,27.89,27.18,27.58,265892000
"Sep 29, 2015",28.21,28.38,26.97,27.26,293461600
"Sep 28, 2015",28.46,28.64,28.11,28.11,208436000
"Sep 25, 2015",29.11,29.17,28.5,28.68,224607600
"Sep 24, 2015",28.31,28.88,28.09,28.75,200878000
"Sep 23, 2015",28.41,28.68,28.33,28.58,143026800
"Sep 22, 2015",28.34,28.55,28.13,28.35,201384800
"Sep 21, 2015",28.42,28.84,28.42,28.8,200888000
"Sep 18, 2015",28.05,28.58,27.97,28.36,297141200
"Sep 17, 2015",28.92,29.12,28.43,28.48,256450400
"Sep 16, 2015",29.06,29.14,28.86,29.1,148694000
"Sep 15, 2015",28.98,29.13,28.6,29.07,173364800
"Sep 14, 2015",29.15,29.22,28.72,28.83,233453600
"Sep 11, 2015",27.95,28.55,27.94,28.55,199662000
"Sep 10, 2015",27.57,28.32,27.48,28.14,251571200
"Sep 9, 2015",28.44,28.5,27.44,27.54,340043200
"Sep 8, 2015",27.94,28.14,27.58,28.08,219374400
"Sep 4, 2015",27.24,27.61,27.13,27.32,199985200
"Sep 3, 2015",28.12,28.19,27.51,27.59,212935600
"Sep 2, 2015",27.56,28.08,27.28,28.08,247555200
"Sep 1, 2015",27.54,27.97,26.84,26.93,307383600
"Aug 31, 2015",28.01,28.63,28.0,28.19,224917200
"Aug 28, 2015",28.04,28.33,27.89,28.32,212657600
"Aug 27, 2015",28.06,28.31,27.5,28.23,338464400
"Aug 26, 2015",26.77,27.47,26.26,27.42,387098400
"Aug 25, 2015",27.78,27.78,25.88,25.93,414406400
"Aug 24, 2015",23.72,27.2,23.0,25.78,648825200
"Aug 21, 2015",27.61,27.98,26.41,26.44,513102000
"Aug 20, 2015",28.52,28.59,27.91,28.16,274006400
"Aug 19, 2015",29.02,29.13,28.67,28.75,193146000
"Aug 18, 2015",29.11,29.36,29.0,29.13,138242800
"Aug 17, 2015",29.01,29.41,28.88,29.29,163538800
"Aug 14, 2015",28.58,29.08,28.5,28.99,171718000
"Aug 13, 2015",29.01,29.1,28.64,28.79,194143200
"Aug 12, 2015",28.13,28.85,27.41,28.81,404870000
"Aug 11, 2015",29.45,29.55,28.33,28.37,388331200
"Aug 10, 2015",29.13,30.0,29.13,29.93,219806400
"Aug 7, 2015",28.65,29.06,28.63,28.88,154681600
"Aug 6, 2015",28.99,29.13,28.53,28.78,211612000
"Aug 5, 2015",28.24,29.36,28.02,28.85,397250400
"Aug 4, 2015",29.35,29.42,28.31,28.66,496554400
"Aug 3, 2015",30.38,30.64,29.38,29.61,279904000
"Jul 31, 2015",30.65,30.66,30.23,30.33,171540000
"Jul 30, 2015",30.58,30.64,30.43,30.59,134513200
"Jul 29, 2015",30.79,30.88,30.57,30.75,148046800
"Jul 28, 2015",30.84,30.98,30.64,30.84,134472400
"Jul 27, 2015",30.77,30.9,30.53,30.69,177822000
"Jul 24, 2015",31.33,31.43,30.98,31.13,168649200
"Jul 23, 2015",31.55,31.77,31.26,31.29,203998000
"Jul 22, 2015",30.5,31.38,30.5,31.31,461802400
"Jul 21, 2015",33.21,33.23,32.58,32.69,307025600
"Jul 20, 2015",32.74,33.24,32.67,33.02,235600800
"Jul 17, 2015",32.27,32.4,32.08,32.4,184658800
"Jul 16, 2015",31.93,32.14,31.84,32.13,144889600
"Jul 15, 2015",31.43,31.79,31.4,31.7,134596800
"Jul 14, 2015",31.51,31.59,31.26,31.4,127072400
"Jul 13, 2015",31.26,31.44,31.08,31.42,165762000
"Jul 10, 2015",30.49,30.96,30.3,30.82,245418000
"Jul 9, 2015",30.96,31.01,29.81,30.02,314380000
"Jul 8, 2015",31.12,31.16,30.64,30.64,243046400
"Jul 7, 2015",31.47,31.54,30.94,31.42,187787200
"Jul 6, 2015",31.24,31.56,31.21,31.5,112241600
"Jul 2, 2015",31.61,31.67,31.44,31.61,108844000
"Jul 1, 2015",31.73,31.74,31.5,31.65,120955200
"Jun 30, 2015",31.39,31.53,31.22,31.36,177482800
"Jun 29, 2015",31.36,31.62,31.12,31.13,196645600
"Jun 26, 2015",31.92,32.0,31.63,31.69,176267200
"Jun 25, 2015",32.22,32.3,31.88,31.88,127752400
"Jun 24, 2015",31.8,32.45,31.78,32.03,221123600
"Jun 23, 2015",31.87,31.9,31.72,31.76,121075600
"Jun 22, 2015",31.87,32.01,31.77,31.9,136157200
"Jun 19, 2015",31.93,31.95,31.6,31.65,218867600
"Jun 18, 2015",31.81,32.08,31.81,31.97,141628800
"Jun 17, 2015",31.93,31.97,31.68,31.83,131672400
"Jun 16, 2015",31.76,31.96,31.59,31.9,125976400
"Jun 15, 2015",31.52,31.81,31.43,31.73,175955600
"Jun 12, 2015",32.05,32.08,31.78,31.79,147544800
"Jun 11, 2015",32.29,32.54,32.12,32.15,141563600
"Jun 10, 2015",31.98,32.33,31.96,32.22,156349200
"Jun 9, 2015",31.67,32.02,31.41,31.85,224301600
"Jun 8, 2015",32.22,32.3,31.71,31.95,210699200
"Jun 5, 2015",32.38,32.42,32.09,32.16,142507200
"Jun 4, 2015",32.4,32.65,32.23,32.34,153800400
"Jun 3, 2015",32.67,32.74,32.47,32.53,123934000
"Jun 2, 2015",32.47,32.67,32.33,32.49,134670400
"Jun 1, 2015",32.57,32.85,32.51,32.63,128451200
"May 29, 2015",32.81,32.86,32.47,32.57,203538000
"May 28, 2015",32.97,32.99,32.78,32.94,122933200
"May 27, 2015",32.58,33.06,32.51,33.01,183332800
"May 26, 2015",33.15,33.23,32.28,32.4,282790400
"May 22, 2015",32.9,33.24,32.85,33.13,182384000
"May 21, 2015",32.52,32.91,32.46,32.85,158921600
"May 20, 2015",32.5,32.74,32.33,32.51,145819600
"May 19, 2015",32.67,32.72,32.41,32.52,178532800
"May 18, 2015",32.1,32.68,32.09,32.55,203531600
"May 15, 2015",32.27,32.37,32.05,32.19,152832000
"May 14, 2015",31.85,32.24,31.79,32.24,180814000
"May 13, 2015",31.54,31.8,31.47,31.5,138776800
"May 12, 2015",31.4,31.72,31.2,31.47,192640000
"May 11, 2015",31.85,31.89,31.41,31.58,168143200
"May 8, 2015",31.67,31.91,31.53,31.91,222201600
"May 7, 2015",31.19,31.52,31.0,31.32,175763600
"May 6, 2015",31.64,31.69,30.84,31.25,288564000
"May 5, 2015",32.04,32.11,31.44,31.45,197085600
"May 4, 2015",32.38,32.64,32.06,32.17,203953200
"May 1, 2015",31.52,32.53,31.33,32.24,234050400
"Apr 30, 2015",32.16,32.16,31.15,31.29,332781600
"Apr 29, 2015",32.54,32.9,32.08,32.16,253544400
"Apr 28, 2015",33.62,33.63,32.39,32.64,475696000
"Apr 27, 2015",33.08,33.28,32.79,33.16,387816800
"Apr 24, 2015",32.62,32.66,32.31,32.57,178103600
"Apr 23, 2015",32.08,32.6,32.03,32.42,183083600
"Apr 22, 2015",31.75,32.22,31.58,32.15,150618000
"Apr 21, 2015",32.03,32.05,31.67,31.73,129740400
"Apr 20, 2015",31.39,32.03,31.29,31.9,188217200
"Apr 17, 2015",31.39,31.53,31.11,31.19,207828000
"Apr 16, 2015",31.57,31.77,31.53,31.54,113476000
"Apr 15, 2015",31.6,31.78,31.5,31.69,115881600
"Apr 14, 2015",31.75,31.82,31.48,31.58,102098400
"Apr 13, 2015",32.09,32.14,31.65,31.71,145460400
"Apr 10, 2015",31.49,31.8,31.32,31.77,160752000
"Apr 9, 2015",31.46,31.65,31.17,31.64,129936000
"Apr 8, 2015",31.46,31.6,31.24,31.4,149316800
"Apr 7, 2015",31.91,32.03,31.5,31.5,140049200
"Apr 6, 2015",31.12,31.88,31.08,31.84,148776000
"Apr 2, 2015",31.26,31.39,31.05,31.33,128880400
"Apr 1, 2015",31.2,31.28,30.77,31.06,162485600
"Mar 31, 2015",31.52,31.62,31.09,31.11,168362400
"Mar 30, 2015",31.01,31.6,31.0,31.59,188398800
"Mar 27, 2015",31.14,31.17,30.73,30.81,158184800
"Mar 26, 2015",30.69,31.22,30.65,31.06,190291600
"Mar 25, 2015",31.64,31.7,30.84,30.84,206620800
"Mar 24, 2015",31.81,32.01,31.64,31.67,131369200
"Mar 23, 2015",31.78,31.96,31.63,31.8,150838800
"Mar 20, 2015",32.06,32.1,31.29,31.48,274780400
"Mar 19, 2015",32.19,32.31,31.85,31.88,183238000
"Mar 18, 2015",31.75,32.29,31.59,32.12,261083600
"Mar 17, 2015",31.48,31.83,31.41,31.76,204092400
"Mar 16, 2015",30.97,31.24,30.72,31.24,143497200
"Mar 13, 2015",31.1,31.35,30.65,30.9,207309200
"Mar 12, 2015",30.58,31.23,30.41,31.11,193450800
"Mar 11, 2015",31.19,31.19,30.53,30.56,275756000
"Mar 10, 2015",31.6,31.81,30.95,31.13,275426400
"Mar 9, 2015",31.99,32.39,31.26,31.78,354114000
"Mar 6, 2015",32.1,32.34,31.57,31.65,291368400
"Mar 5, 2015",32.15,32.19,31.44,31.6,226068400
"Mar 4, 2015",32.28,32.39,32.08,32.13,126665200
"Mar 3, 2015",32.24,32.38,32.02,32.34,151265200
"Mar 2, 2015",32.31,32.57,32.08,32.27,192386800
"Feb 27, 2015",32.5,32.64,32.06,32.12,248059200
"Feb 26, 2015",32.2,32.72,31.65,32.6,365150000
"Feb 25, 2015",32.89,32.9,32.04,32.2,298846800
"Feb 24, 2015",33.24,33.4,32.79,33.04,276912400
"Feb 23, 2015",32.51,33.25,32.42,33.25,283896400
"Feb 20, 2015",32.15,32.38,32.01,32.38,195793600
"Feb 19, 2015",32.12,32.26,32.08,32.11,149449600
"Feb 18, 2015",31.91,32.19,31.86,32.18,179566800
"Feb 17, 2015",31.87,32.22,31.73,31.96,252609600
"Feb 13, 2015",31.82,31.82,31.41,31.77,217088800
"Feb 12, 2015",31.51,31.87,31.39,31.61,297898000
"Feb 11, 2015",30.69,31.23,30.63,31.22,294247200
"Feb 10, 2015",30.04,30.54,30.04,30.5,248034000
"Feb 9, 2015",29.64,29.96,29.61,29.93,155559200
"Feb 6, 2015",30.0,30.06,29.61,29.73,174826400
"Feb 5, 2015",30.0,30.06,29.81,29.99,168984800
"Feb 4, 2015",29.63,30.13,29.58,29.89,280598800
"Feb 3, 2015",29.63,29.77,29.4,29.66,207662800
"Feb 2, 2015",29.51,29.79,29.02,29.66,250956400
"Jan 30, 2015",29.6,30.0,29.21,29.29,334982000
"Jan 29, 2015",29.08,29.8,28.89,29.73,337745600
"Jan 28, 2015",29.41,29.53,28.83,28.83,585908400
"Jan 27, 2015",28.1,28.12,27.26,27.28,382274800
"Jan 26, 2015",28.43,28.59,28.2,28.27,222460000
"Jan 23, 2015",28.08,28.44,27.88,28.25,185859200
"Jan 22, 2015",27.57,28.12,27.43,28.1,215185600
"Jan 21, 2015",27.24,27.76,27.07,27.39,194303600
"Jan 20, 2015",26.96,27.24,26.63,27.18,199599600
"Jan 16, 2015",26.76,26.9,26.3,26.5,314053200
"Jan 15, 2015",27.5,27.51,26.67,26.7,240056000
"Jan 14, 2015",27.26,27.62,27.13,27.45,195826400
"Jan 13, 2015",27.86,28.2,27.23,27.56,268367600
"Jan 12, 2015",28.15,28.16,27.2,27.31,198603200
"Jan 9, 2015",28.17,28.31,27.55,28.0,214798000
"Jan 8, 2015",27.31,28.04,27.17,27.97,237458000
"Jan 7, 2015",26.8,27.05,26.67,26.94,160423600
"Jan 6, 2015",26.64,26.86,26.16,26.57,263188400
"Jan 5, 2015",27.07,27.16,26.35,26.56,257142000
"Jan 2, 2015",27.85,27.86,26.84,27.33,212818400
